﻿Institution,Institutionsnummer,Adresse,Postnummer,By,Telefonnummer,Email
Allikelund Gymnasium ,323401,J. Hagemann-Petersens Allé 22,4400,Kalundborg, tlf: 72290100, e-mail:eucnvs@eucnvs.dk
AMU Fyn Petersmindevej ,281537,Petersmindevej 50,5000,Odense C, tlf: 66136670, e-mail:amu-fyn@amu-fyn.dk
AMU Fyn C.F. Tietgens Boulevard ,281538,C.F. Tietgens Boulevard 27 Fraugde,5220,Odense SØ, tlf: 66136670, e-mail:amu-fyn@amu-fyn.dk
AMU Nordjylland ,851420,Sofievej 61,9000,Aalborg, tlf: 96332211, e-mail:aalborg@amunordjylland.dk
AMU Nordjylland Sandmoseskolen ,803401,Sandmosevej 486,9460,Brovst, tlf: 96332626, e-mail:sandmosen@amunordjylland.dk
AMU Nordjylland Aalborg ,281515,Sofievej 61,9000,Aalborg, tlf: 96332211, e-mail:aalborg@amunordjylland.dk
AMU SYD ,621407,C.F. Tietgens Vej 6,6000,Kolding, tlf: 76373737, e-mail:info@amusyd.dk
AMU SYD Kolding ,621410,C.F. Tietgensvej 6,6000,Kolding, tlf: 76373737, e-mail:info@amusyd.dk
AMU SYD Ribe ,571404,Snepsgårdevej 20,6760,Ribe, tlf: 76373737, e-mail:info@amusyd.dk
AMU-Fyn ,461420,Petersmindevej 50,5000,Odense C, tlf: 66136670, e-mail:amu-fyn@amu-fyn.dk
AMU-Vest ,561413,Spangsbjerg Møllevej 304,6705,Esbjerg Ø, tlf: 79140322, e-mail:inst@amu-vest.dk
Asmildkloster Landbrugsskole ,791300,Asmildklostervej 1,8800,Viborg, tlf: 86673222, e-mail:asmildkloster@asmildkloster.dk
Bornholms Sundheds- og Sygeplejeskole ,400405,Minervavej 1,3700,Rønne, tlf: 36982900, e-mail:bhsund@bhsund.dk
Business College Syd ,537411,Sdr. Landevej 30,6400,Sønderborg, tlf: 73425525, e-mail:bcsyd@bcsyd.dk
Business College Syd - Mommark Handelskostskole ,535401,Mommarkvej 372,6470,Sydals, tlf: 73425525, e-mail:bcsyd@bcsyd.dk
Business College Syd - Sønderborg Handelsskole ,537402,Sdr. Landevej 30,6400,Sønderborg, tlf: 73425525, e-mail:bcsyd@bcsyd.dk
Bygholm Landbrugsskole ,615300,Hattingvej 49,8700,Horsens, tlf: 75621799, e-mail:info@bygholm.dk
Campus Bornholm ,400408,Minervavej 1,3700,Rønne, tlf: 56959700, e-mail:post@cabh.dk
Campus Bornholm - HHX og Merkantile EUD ,400402,Minervavej 1,3700,Rønne, tlf: 56959700, e-mail:post@cabh.dk
Campus Bornholm - HTX og Tekniske EUD ,400401,Minervavej 1,3700,Rønne, tlf: 56959700, e-mail:post@cabh.dk
Campus Bornholm - Voksen- og Efteruddannelse ,400411,Minervavej 1,3700,Rønne, tlf: 56959700, e-mail:post@cabh.dk
Campus Vejle ,631402,Boulevarden 48,7100,Vejle, tlf: 72162616, e-mail:info@campusvejle.dk
Campus Vejle EUD/EUX ,281299,Boulevarden 48,7100,Vejle, tlf: 72162616, e-mail:info@campusvejle.dk
Campus Vejle HHX ,281282,Boulevarden 48,7100,Vejle, tlf: 72162616, e-mail:info@campusvejle.dk
Campus Vejle praktikcenter ,281301,Boulevarden 48,7100,Vejle, tlf: 72162616, e-mail:info@campusvejle.dk
Campus Vejle Åben Læringscenter ,281300,Boulevarden 48,7100,Vejle, tlf: 72162616, e-mail:info@campusvejle.dk
CELF - Center for erhv.rettede udd. Lolland-Falster ,376402,Kringelborg Allé 7,4800,Nykøbing F, tlf: 54888888, e-mail:celf@celf.dk
CELF Merkurs Plads Merkantil ,369402,Merkurs Plads 1,4800,Nykøbing F, tlf: 54888888, e-mail:celf@celf.dk
CELF Merkurs Plads Teknik ,281400,Merkurs Plads 1,4800,Nykøbing F, tlf: 54888888, e-mail:celf@celf.dk
CELF Nakskov ,367402,Søvej 6,4900,Nakskov, tlf: 54888888, e-mail:celf@celf.dk
CELF Maribo ,367404,C. E. Christiansens Vej 12,4930,Maribo, tlf: 54888888, e-mail:celf@celf.dk
CELF Nykøbing F. Kringelborg Allé ,369410,Kringelborg Allé 7,4800,Nykøbing F, tlf: 54888888, e-mail:celf@celf.dk
College360 ,280951,Bredhøjvej 8,8600,Silkeborg, tlf: 75360360, e-mail:info@college360.dk
College360 - Bindslev Plads 1 ,743402,Bindslevs Plads 1,8600,Silkeborg, tlf: 75360360, e-mail:info@college360.dk
College360 - Bredhøjvej 8 ,743401,Bredhøjvej 8,8600,Silkeborg, tlf: 75360360, e-mail:info@college360.dk
Dalum Landbrugsskole ,461301,Landbrugsvej 65,5260,Odense S, tlf: 66132130, e-mail:dalumls@dalumls.dk
Dalum Landbrugsskole Afd. Korinth ,431302,Spanget 7,5600,Faaborg, tlf: 66132130, e-mail:dalumls@dalumls.dk
Dalum Landbrugsskole afd. Odense S ,461307,Landbrugsvej 65,5260,Odense S, tlf: 66132130, e-mail:dalumls@dalumls.dk
Den jydske Haandværkerskole ,709401,Ellemosevej 25,8370,Hadsten, tlf: 89370100, e-mail:djh@djhhadsten.dk
Erhvervsakademiet København Nord ,173408,Trongårdsvej 44,2800,Kgs. Lyngby, tlf: 88526600, e-mail:info@unord.dk
Erhvervsgymnasiet Grindsted ,565401,Tinghusgade 22,7200,Grindsted, tlf: 75321300, e-mail:box@eggrindsted.dk
Erhvervsskolen Nordsjælland ,219411,Milnersvej 48,3400,Hillerød, tlf: 48290000, e-mail:info@unord.dk
Erhvervsskolen Nordsjælland - Frederiksværk ,260400,Industrivej 29,3300,Frederiksværk, tlf: 48290000, e-mail:info@unord.dk
EUC Lillebælt ,607405,Teknikervej 2,7000,Fredericia, tlf: 79201111, e-mail:info@eucl.dk
EUC Nord ,821409,M. P. Koefoeds Vej 10,9800,Hjørring, tlf: 72246000, e-mail:info@eucnord.dk
EUC Nord Hestkærvej ,821402,Hestkærvej 30,9800,Hjørring, tlf: 72246000, e-mail:info@eucnord.dk
EUC Nord Hånbækvej ,813401,Hånbækvej 50,9900,Frederikshavn, tlf: 72246000, e-mail:info@eucnord.dk
EUC Nord Knivholtvej ,813414,Knivholtvej 18,9900,Frederikshavn, tlf: 72246000, e-mail:info@eucnord.dk
EUC Nord M.P. Koefoeds Vej ,821413,M.P. Koefoeds Vej 10,9800,Hjørring, tlf: 72246000, e-mail:info@eucnord.dk
EUC Nordvest ,787410,Kronborgvej 119,7700,Thisted, tlf: 99191919, e-mail:euc@eucnordvest.dk
EUC Nordvest - Bjørnevej Thisted ,281413,Bjørnevej 9,7700,Thisted, tlf: 99191919, e-mail:euc@eucnordvest.dk
EUC Nordvest - Kronborgvej Thisted ,787408,Kronborgvej 119,7700,Thisted, tlf: 99191919, e-mail:euc@eucnordvest.dk
EUC Nordvest - Nordic Food College ,773303,Mosegårdsvej 10,7900,Nykøbing M, tlf: 99191919, e-mail:euc@eucnordvest.dk
EUC Nordvest - Nykøbing Mors Handelsgymnasium ,773401,Limfjordsvej 95,7900,Nykøbing M, tlf: 99191919, e-mail:euc@eucnordvest.dk
EUC Nordvest - Teknisk Gymnasium ,281637,Lerpyttervej,7700,Thisted, tlf: 99191919, e-mail:euc@eucnordvest.dk
EUC Nordvest - Thisted Handelsgymnasium ,787407,Lerpyttervej 52,7700,Thisted, tlf: 99191919, e-mail:euc@eucnordvest.dk
EUC Nordvest- Fjerritslev Handelsgymnasium ,280101,Skovbrynet 9,9690,Fjerritslev, tlf: 99191919, e-mail:euc@eucnordvest.dk
EUC Nordvest Fiskeriskolen ,673402,Ærøvej 9,7680,Thyborøn, tlf: 99191919, e-mail:euc@eucnordvest.dk
EUC Nordvest Fjerritslev ,280968,Østergade 11,9690,Fjerritslev, tlf: 99191919, e-mail:euc@eucnordvest.dk
EUC Nordvest Thyborøn ,280967,Ærøvej 9,7680,Thyborøn, tlf: 99191919, e-mail:euc@eucnordvest.dk
EUC Nordvestsjælland Absalonsvej 14 ,281599,Absalonsvej 14,4300,Holbæk, tlf: 72290100, e-mail:eucnvs@eucnvs.dk
EUC Nordvestsjælland Audebo ,315406,Audebo Skolevej 6 B,4300,Holbæk, tlf: 72290100, e-mail:eucnvs@eucnvs.dk
EUC Nordvestsjælland Fårevejle ,280902,Rådhusvej 75,4540,Fårevejle, tlf: 72290100, e-mail:eucnvs@eucnvs.dk
EUC Sjælland ,373401,Jagtvej 2,4700,Næstved, tlf: 55753300, e-mail:eucsj@eucsj.dk
EUC Sjælland Greve ,280870,Rådhusholmen 3,2670,Greve, tlf: 55753300, e-mail:eucsj@eucsj.dk
EUC Sjælland Haslev afdeling ,313401,Skolegade 21A,4690,Haslev, tlf: 55753300, e-mail:eucsj@eucsj.dk
EUC Sjælland Krondrevet ,281425,Krondrevet 1A,4760,Vordingborg, tlf: 55753300, e-mail:eucsj@eucsj.dk
EUC Sjælland Køge Afdeling ,259403,Campusbuen 31,4600,Køge, tlf: 55753300, e-mail:eucsj@eucsj.dk
EUC Sjælland Næstved - Jagtvej ,373408,Jagtvej 2,4700,Næstved, tlf: 55753300, e-mail:eucsj@eucsj.dk
EUC Sjælland Næstved - Malervænget ,373404,Malervænget 4,4700,Næstved, tlf: 55753300, e-mail:eucsj@eucsj.dk
EUC Sjælland Vordingborg ,280915,Parkvej 11,4760,Vordingborg, tlf: 55753300, e-mail:eucsj@eucsj.dk
EUC Syd ,537401,Hilmar Finsens Gade 18,6400,Sønderborg, tlf: 74124242, e-mail:eucsyd@eucsyd.dk
EUC Syd Christen Kolds Vej ,515401,Christen Kolds Vej 20,6100,Haderslev, tlf: 74124242, e-mail:eucsyd@eucsyd.dk
EUC Syd Hilmar Finsens Gade ,281455,Hilmar Finsens Gade 18,6400,Sønderborg, tlf: 74124242, e-mail:eucsyd@eucsyd.dk
EUC Syd Lundsbjerg ,281456,Lundsbjerg Industrivej 50,6200,Aabenraa, tlf: 74124242, e-mail:eucsyd@eucsyd.dk
EUC Syd Stegholt ,545401,Stegholt 36,6200,Aabenraa, tlf: 74124242, e-mail:eucsyd@eucsyd.dk
EUC Syd Syd Plantagevej ,541401,Plantagevej 35,6270,Tønder, tlf: 74124242, e-mail:eucsyd@eucsyd.dk
EUD/EUX Skanderborg ,281631,Højvangens Torv 2,8660,Skanderborg, tlf: 87933020, e-mail:info@scu.dk
Fodterapeutskolen ,101424,Titangade 13A,2200,København N, tlf: 46300400, e-mail:rts@rts.dk
Frederikshavn Handelsskole ,813402,Kirkegade 9,9900,Frederikshavn, tlf: 96205500, e-mail:adm@fhavnhs.dk
Grindsted Landbrugsskole ,565301,Tronsø Parkvej 40,7200,Grindsted, tlf: 75320722, e-mail:grindls@grindls.dk
Gråsten Landbrugsskole ,513301,Fiskbækvej 15,6300,Gråsten, tlf: 74651024, e-mail:gl@gl.dk
H.C. Ørsted Gymnasiet Ballerup ,280969,Telegrafvej 9,2750,Ballerup, tlf: 38177000, e-mail:tec@tec.dk
H.C. Ørsted Gymnasiet Frederiksberg ,147430,Stæhr Johansens Vej 7,2000,Frederiksberg, tlf: 38177000, e-mail:tec@tec.dk
H.C. Ørsted Gymnasiet Lyngby ,173401,Paul Fennebergs 20,2800,Kgs. Lyngby, tlf: 38177000, e-mail:tec@tec.dk
Haderslev Handelsskole ,515402,Kroghs Kobbel 2,6100,Haderslev, tlf: 74521250, e-mail:info@hhs.dk
Handelsgymnasiet Vestfyn ,421401,Langbygårdsvej 6,5620,Glamsbjerg, tlf: 64711622, e-mail:vestfyns@vestfyns.dk
HANSENBERG ,621401,Skovvangen 28,6000,Kolding, tlf: 79320100, e-mail:hansenberg@hansenberg.dk
Herningsholm Erhvervsgymnasium HHX Herning ,657415,Lillelundvej 21 Bygning 1,7400,Herning, tlf: 72134500, e-mail:mail@herningsholm.dk
Herningsholm Erhvervsgymnasium HHX Ikast ,663401,Bøgildvej 12,7430,Ikast, tlf: 72134500, e-mail:mail@herningsholm.dk
Herningsholm Erhvervsgymnasium HTX Herning ,657402,Lillelundvej 21,7400,Herning, tlf: 72134500, e-mail:mail@herningsholm.dk
Herningsholm Erhvervsskole og Gymnasier ,657401,Lillelundvej 21,7400,Herning, tlf: 72134500, e-mail:mail@herningsholm.dk
Herningsholm Erhvervsskole og Gymnasier ,281009,Lillelundvej 21,7400,Herning, tlf: 72134500, e-mail:mail@herningsholm.dk
Herningsholm Erhvervsskole og Gymnasier EUD/EUX Ikast ,281410,Kongevejen 66,7430,Ikast, tlf: 72134500, e-mail:mail@herningsholm.dk
Herningsholm Erhvervsskole EUD/EUX Business Ikast ,663403,Bøgildvej 12,7430,Ikast, tlf: 72134500, e-mail:mail@herningsholm.dk
Herningsholm Erhvervsskole Agroskolen Hammerum ,657303,Hammerum Hovedgade 7,7400,Herning, tlf: 97116053, e-mail:agroskolen@agroskolen.dk
Herningsholm Erhvervsskole Erhvervsuddannelser ,657416,Lillelundvej 21,7400,Herning, tlf: 72134500, e-mail:mail@herningsholm.dk
Herningsholm Erhvervsskole EUD/EUX Business Herning ,657417,Tingvej 45,7400,Herning, tlf: 72134500, e-mail:mail@herningsholm.dk
HHX Skanderborg ,746401,Højvangens Torv 2,8660,Skanderborg, tlf: 87933020, e-mail:info@scu.dk
Himmerlands Erhvervs- og Gymnasieuddannelser ,861403,Østre Blvd. 10,9600,Aars, tlf: 96981000, e-mail:heg@heguddannelser.dk
Himmerlands Erhvervs- og Gymnasieuddannelser Bornholmsvej ,281629,Bornholmsvej 3A,9500,Hobro, tlf: 96981000, e-mail:heg@heguddannelser.dk
Himmerlands Erhvervs- og Gymnasieuddannelser Hobro afdeling ,281383,Kirketoften 7,9500,Hobro, tlf: 96981000, e-mail:heg@heguddannelser.dk
Himmerlands Erhvervs- og Gymnasieuddannelser Aars afdeling ,281382,Østre Blvd. 10,9600,Aars, tlf: 96981000, e-mail:heg@heguddannelser.dk
Hotel- og Restaurantskolen ,101403,Vigerslev alle 18,2500,Valby, tlf: 33862200, e-mail:hrs@hrs.dk
Hotel- og Restaurantskolen ,101578,Vigerslev Alle 18,2500,Valby, tlf: 33862200, e-mail:hrs@hrs.dk
HTX Gastro Science ,280713,Vigerslev Allé 18,2500,Valby, tlf: 33862200, e-mail:hrs@hrs.dk
HTX Roskilde ,280428,Pulsen 4,4000,Roskilde, tlf: 46300400, e-mail:rts@rts.dk
Håndværker-Skolehjemmet i København ,101571,Bispebjerg Parkalle 12,2400,København NV, tlf: 39563444, e-mail:hskhjem@hskhjem.dk
IBC International Business College ,621402,Tvedvej 7,6000,Kolding, tlf: 72241600, e-mail:ibc@ibc.dk
IBC International Business College Fredericia ,607402,Mosegårdsvej 1,7000,Fredericia, tlf: 72241600, e-mail:ibc@ibc.dk
IBC International Business College Kolding ,621409,Tvedvej 7,6000,Kolding, tlf: 72241600, e-mail:ibc@ibc.dk
IBC International Business College Aabenraa ,545402,Dronning Margrethesvej 6,6200,Aabenraa, tlf: 72241600, e-mail:ibc@ibc.dk
IBC International Business College Innovationsfabrikken ,281458,Birkemosevej 1,6000,Kolding, tlf: 72241600, e-mail:ibc@ibc.dk
Jordbrugets UddannelsesCenter Århus ,751398,Damgårds Allé 5,8330,Beder, tlf: 87475700, e-mail:ju@ju.dk
Jordbrugets UddannelsesCenter Beder ,751397,Damgårds Allé 5,8330,Beder, tlf: 87475700, e-mail:ju@ju.dk
Jordbrugets UddannelsesCenter Bredballegård ,280693,Nymarksvej 65,8320,Mårslet, tlf: 87475700, e-mail:ju@ju.dk
Kjærgård Landbrugsskole ,557302,Kjærgårdvej 31,6740,Bramming, tlf: 75172900, e-mail:kjls@kjls.dk
Kold College ,461305,Landbrugsvej 55,5260,Odense S, tlf: 63132043, e-mail:koldcollege@koldcollege.dk
Kold College Bjørnemosevej (EUD ,281625,Bjørnemosevej 190,5260,Odense S, tlf: 63132043, e-mail:koldcollege@koldcollege.dk
Kold College Landbrugsvej (EUD) ,281626,Landbrugsvej 55,5260,Odense S, tlf: 63132043, e-mail:koldcollege@koldcollege.dk
Kold Tekniske Gymnasium ,280987,Landbrugsvej 55,5260,Odense S, tlf: 63132043, e-mail:koldcollege@koldcollege.dk
Køge Handelsskole ,259401,Uddannelsesvej 20,4600,Køge, tlf: 56670400, e-mail:khs@khs.dk
Learnmark Business ,280671,Strandpromenaden 4C,8700,Horsens, tlf: 88163600, e-mail:info@learnmark.dk
Learnmark Erhverv ,615413,Vejlevej 150,8700,Horsens, tlf: 88163600, e-mail:info@learnmark.dk
Learnmark Gymnasium HHX/HTX ,791421,Stadionsvej 2,8700,Horsens, tlf: 88163600, e-mail:info@learnmark.dk
Learnmark Horsens ,615402,Stadionsvej 2,8700,Horsens, tlf: 88163600, e-mail:info@learnmark.dk
Learnmark Tech ,791416,Vejlevej 150,8700,Horsens, tlf: 88163600, e-mail:info@learnmark.dk
Lemvig Gymnasium  EUX og EUD ,665401,Romvej 30,7620,Lemvig, tlf: 97823822, e-mail:gym@lemvig-gym.dk
Mercantec ,281398,H.C. Andersens Vej 9,8800,Viborg, tlf: 89503300, e-mail:mercantec@mercantec.dk
Mercantec AMU Hoverdal ,681401,Hoverdalvej 14,6971,Spjald, tlf: 97348011, e-mail:mercantec@mercantec.dk
Mercantec Banegårds Alle ,791402,Banegårds Alle 1,8800,Viborg, tlf: 89503300, e-mail:mercantec@mercantec.dk
Mercantec Bjerringbro afdeling ,761400,Baldersvej 10,8850,Bjerringbro, tlf: 89503300, e-mail:mercantec@mercantec.dk
Mercantec HCA afdeling ,791410,H.C. Andersens Vej 9,8800,Viborg, tlf: 89503300, e-mail:mercantec@mercantec.dk
Mercantec Håndværkervej afdeling ,791406,Håndværkervej 9,8800,Viborg, tlf: 89503300, e-mail:mercantec@mercantec.dk
Mercantec Skive afdeling ,779408,H. C. Ørstedsvej 3,7800,Skive, tlf: 89503300, e-mail:mercantec@mercantec.dk
Mercantec Ulfborg afdeling ,679404,Lystlundvej 8,6990,Ulfborg, tlf: 89503300, e-mail:mercantec@mercantec.dk
NEXT - Københavns Mediegymnasium ,147425,Julius Thomsens Gade 5,1974,Frederiksberg C, tlf: 33880000, e-mail:next@nextkbh.dk
NEXT - Sukkertoppen Gymnasium ,101495,Carl Jacobsens Vej 25,2500,Valby, tlf: 33880000, e-mail:next@nextkbh.dk
NEXT - Sydkysten gymnasium (hhx/htx) ,183403,Vejlebrovej 65,2635,Ishøj, tlf: 33880000, e-mail:next@nextkbh.dk
NEXT - Vestskoven Gymnasium (htx/hhx) ,280601,Liljens Kvt 6,2620,Albertslund, tlf: 33880000, e-mail:next@nextkbh.dk
NEXT - Vibenshus Gymnasium ,101588,Jagtvej 163,2100,København Ø, tlf: 33880000, e-mail:next@nextkbh.dk
NEXT- Baltorp Business Gymnasium ,151411,Baltorpvej 20A,2750,Ballerup, tlf: 33880000, e-mail:next@nextkbh.dk
NEXT Uddannelse København ,101401,Carl Jacobsens Vej 25,2500,Valby, tlf: 33880000, e-mail:next@nextkbh.dk
NEXT UDDANNELSE KØBENHAVN ,280727,Carl Jacobsens Vej 25,2500,Valby, tlf: 33880000, e-mail:next@nextkbh.dk
NEXT Uddannelse København Ballerup ,151406,Baltorpvej 20A,2750,Ballerup, tlf: 33880000, e-mail:next@nextkbh.dk
NEXT Uddannelse København Emdrup ,101587,Tuborgvej 177,2400,København NV, tlf: 33880000, e-mail:next@nextkbh.dk
NEXT Uddannelse København Frederiksberg ,281662,Julius Thomsens Gade 5,1974,Frederiksberg C, tlf: 33880000, e-mail:next@nextkbh.dk
NEXT Uddannelse København Glostrup ,165404,Fabriksparken 31,2600,Glostrup, tlf: 33880000, e-mail:next@nextkbh.dk
NEXT Uddannelse København Herlev ,101574,Marielundvej 44,2730,Herlev, tlf: 33880000, e-mail:next@nextkbh.dk
NEXT Uddannelse København Ishøj ,169405,Vejlebrovej 65,2635,Ishøj, tlf: 33880000, e-mail:next@nextkbh.dk
NEXT Uddannelse København Ishøj ,183407,Vejlebrovej 65,2635,Ishøj, tlf: 33880000, e-mail:next@nextkbh.dk
NEXT Uddannelse København Nørrebro ,101554,Rebslagervej 11,2400,København NV, tlf: 33880000, e-mail:next@nextkbh.dk
NEXT Uddannelse København Rentemestervej ,101402,Rentemestervej 17,2400,København NV, tlf: 33880000, e-mail:next@nextkbh.dk
NEXT Uddannelse København Rødovre ,175404,Tæbyvej 65,2610,Rødovre, tlf: 33880000, e-mail:next@nextkbh.dk
Niels Brock - 2-årig HHX ,280896,Nørre Voldgade 34,1358,København K, tlf: 33419100, e-mail:thorvald@brock.dk
Niels Brock (Copenhagen Business College) ,101497,Nørre Voldgade 34,1358,København K, tlf: 33419100, e-mail:brock@brock.dk
Niels Brock Det Internationale Gymnasium ,280798,Linnésgade 2,1361,København K, tlf: 33419100, e-mail:dighhx@brock.dk
Niels Brock Erhvervsuddannelserne (EUD/EUX) ,101626,Nørre Voldgade 30-32,1358,København K, tlf: 33419100, e-mail:eudeux@brock.dk
Niels Brock Erhvervsuddannelserne EUD/EUS ,281214,Bispetorvet 1,1167,København K, tlf: 33419100, e-mail:online@brock.dk
Niels Brock erhvervsuddannelserne Hovedforløbet ,281529,H.C. Andersens Boulevard 2,1553,København V, tlf: 33419100, e-mail:brock@brock.dk
Niels Brock GSK og enkeltfag ,280913,Nørre Voldgade 28,1358,København K, tlf: 33419100, e-mail:gsk_enkeltfag@brock.dk
Niels Brock Handelsgymnasiet JTP ,147408,Julius Thomsens Plads 6,1925,Frederiksberg C, tlf: 33419100, e-mail:julius@brock.dk
Niels Brock Handelsgymnasiet Nørre Voldgade ,280687,Nørre Voldgade 34,1358,København K, tlf: 33419100, e-mail:thorvald@brock.dk
Niels Brock kursusafdeling ,281213,H.C. Andersens Boulevard 2,1553,København V, tlf: 33419100, e-mail:brock@brock.dk
Niels Brocks Innovationsgymnasium ,101558,Julius Thomsens Plads 10,1925,Frederiksberg C, tlf: 33419100, e-mail:julius@brock.dk
Nordjyllands Landbrugsskole ,831401,Halkærvej 3,9240,Nibe, tlf: 98351800, e-mail:njylls@njylls.dk
Nordvestsjællands Erhvervs- og Gymnasieuddannelser ,315401,Absalonsvej 20,4300,Holbæk, tlf: 72290100, e-mail:eucnvs@eucnvs.dk
Nordvestsjællands Erhvervs- og Gymnasieuddannelser ,315412,Absalonsvej 20,4300,Holbæk, tlf: 72290100, e-mail:eucnvs@eucnvs.dk
Nyborg Gymnasium Skolebakken 13 ,449401,Skolebakken 13,5800,Nyborg, tlf: 65310217, e-mail:post@nyborg-gym.dk
Odense Tekniske Gymnasium ,461445,Munkebjergvej 130,5230,Odense M, tlf: 70109900, e-mail:sde@sde.dk
Processkolen ,323404,Rynkevangen 7,4400,Kalundborg, tlf: 72290100, e-mail:eucnvs@eucnvs.dk
Randers Social- og Sundhedsskole ,731409,Minervavej 47,8960,Randers SØ, tlf: 86416900, e-mail:info@sosuranders.dk
Randers Social- og Sundhedsskole Djursland afd. ,707409,Ydesvej 1,8500,Grenaa, tlf: 86416900, e-mail:info@sosuranders.dk
Randers Social- og Sundhedsskole Randers afd. ,730417,Minervavej 47,8960,Randers SØ, tlf: 86416900, e-mail:info@sosuranders.dk
Ribe Katedralskole egym ,571401,Puggaardsgade 22,6760,Ribe, tlf: 76882100, e-mail:rk@ribekatedralskole.dk
Roskilde Handelsskole ,265403,Bakkesvinget 67,4000,Roskilde, tlf: 88523200, e-mail:rhs@rhs.dk
Roskilde Tekniske Skole ,265416,Pulsen 10,4000,Roskilde, tlf: 46300400, e-mail:rts@rts.dk
Roskilde Tekniske Skole - Industrivej 51 ,265425,Industrivej 51E,4000,Roskilde, tlf: 46300400, e-mail:rts@rts.dk
Roskilde Tekniske Skole - Landbrugsskolen Sjælland - Ledreborg Allé ,265301,Ledreborg Allé 50,4000,Roskilde, tlf: 46300400, e-mail:rts@rts.dk
Roskilde Tekniske Skole - Pulsen ,265401,Pulsen 2,4000,Roskilde, tlf: 46300400, e-mail:rts@rts.dk
Roskilde Tekniske Skole - Pulsen 8 ,280427,Pulsen 8,4000,Roskilde, tlf: 46300400, e-mail:rts@rts.dk
Roskilde Tekniske Skole - Rådhusholmen ,281358,Rådhusholmen 3,2670,Greve, tlf: 46300400, e-mail:rts@rts.dk
Roskilde Tekniske Skole - Titangade ,280903,Titangade 13b,2200,København N, tlf: 46300400, e-mail:rts@rts.dk
Roskilde Tekniske Skole - Vigerslev Allé ,280528,Vigerslev Allé 18,2500,Valby, tlf: 46300400, e-mail:rts@rts.dk
Roskilde Tekniske Skole - Vilvorde ,265426,Køgevej 131,4000,Roskilde, tlf: 46300400, e-mail:rts@rts.dk
Roskilde Tekniske Skole -Allikelund ,280895,J Hagemann-Petersens Alle 22,4400,Kalundborg, tlf: 46300400, e-mail:rts@rts.dk
Roskilde Tekniske Skole Landbrugsskolen Sjælland - Høng ,319301,Finderupvej 8,4270,Høng, tlf: 46300400, e-mail:rts@rts.dk
Roskilde Tekniske Skole Søndre Mellemvej ,265423,Søndre Mellemvej 4,4000,Roskilde, tlf: 46300400, e-mail:rts@rts.dk
Roskilde Tekniske Skole/Vrange Skov ,280868,Haraldstedvej 130,4100,Ringsted, tlf: 46300400, e-mail:rts@rts.dk
Rybners ,280560,Spangsbjerg Møllevej 72,6700,Esbjerg, tlf: 79134511, e-mail:info@rybners.dk
Rybners - EUD - Satellitskole Varde ,280966,Frisvadvej 70,6800,Varde, tlf: 79134511, e-mail:info@rybners.dk
Rybners - EUD - Spangsbjerg Møllevej ,561401,Spangsbjerg Møllevej 72,6700,Esbjerg, tlf: 79134511, e-mail:info@rybners.dk
Rybners - HF - Spangsbjerg Møllevej ,281015,Spangsbjerg Møllevej 72,6700,Esbjerg, tlf: 79134511, e-mail:info@rybners.dk
Rybners - HHX - Grådybet ,561402,Grådybet 73G,6700,Esbjerg, tlf: 76133333, e-mail:info@rybners.dk
Rybners - HTX - Spangsbjerg Møllevej ,281014,Spangsbjerg Møllevej 72,6700,Esbjerg, tlf: 79134511, e-mail:info@rybners.dk
Rybners - Merkantilt EUX - Spangsbjerg Møllevej ,281017,Spangsbjerg Møllevej 72,6700,Esbjerg, tlf: 79134511, e-mail:info@rybners.dk
Rybners - Teknisk EUX - Spangsbjerg Møllevej ,281016,Spangsbjerg Møllevej 72,6700,Esbjerg, tlf: 79134511, e-mail:info@rybners.dk
Skanderborg-Odder Center for Uddannelse ,745401,Højvangens Torv 2,8660,Skanderborg, tlf: 87933020, e-mail:info@scu.dk
Skive College ,280942,Kongsvingervej 1,7800,Skive, tlf: 99141414, e-mail:skivecollege@skivecollege.dk
Skive College Arvikavej ,779402,Arvikavej 2B,7800,Skive, tlf: 99141414, e-mail:skivecollege@skivecollege.dk
Skive College Kongsvingervej ,779401,Kongsvingervej 1,7800,Skive, tlf: 99149200, e-mail:skivecollege@skivecollege.dk
Slotshaven Gymnasium ,315402,Slotshaven 1,4300,Holbæk, tlf: 72290100, e-mail:eucnvs@eucnvs.dk
Social- og Sundhedsskolen Esbjerg ,561415,Gjesinglund Allé 8,6715,Esbjerg N, tlf: 76106010, e-mail:post@sosuesbjerg.dk
Social- og Sundhedsskolen Fredericia-Vejle-Horsens Fredericia afd. ,607406,6. Julivej 67,7000,Fredericia, tlf: 79211200, e-mail:sos@sosufvh.dk
Social- og Sundhedsskolen Fredericia-Vejle-Horsens Horsens afd. ,615406,Konsul Jensens Gade 26,8700,Horsens, tlf: 79211200, e-mail:sos@sosufvh.dk
Social- og Sundhedsskolen Fredericia-Vejle-Horsens Kolding afdeling ,280732,c/o IBC Kolding Tvedvej 7,6000,Kolding, tlf: 79211200, e-mail:sos@sosufvh.dk
Social- og Sundhedsskolen Fredericia-Vejle-Horsens Vejle afd. ,280149,Vestre Engvej 46A,7100,Vejle, tlf: 79211200, e-mail:sos@sosufvh.dk
Social- og Sundhedsskolen Fyn ,461449,Blangstedgårdsvej 4,5220,Odense SØ, tlf: 63102700, e-mail:sosufyn@sosufyn.dk
Social- og Sundhedsskolen Fyn Middelfart ,445402,Teglgårdsparken 104,5500,Middelfart, tlf: 63102700, e-mail:middelfart@sosufyn.dk
Social- og Sundhedsskolen Fyn Odense - Blangstedgårdsvej ,281381,Blangstedgårdsvej 4,5220,Odense SØ, tlf: 63102700, e-mail:sosufyn@sosufyn.dk
Social- og Sundhedsskolen Fyn Odense Syd ,461425,Blangstedgårdsvej 4,5220,Odense SØ, tlf: 63102700, e-mail:odense@sosufyn.dk
Social- og Sundhedsskolen Fyn Svendborg ,479411,A P Møllers Vej 39,5700,Svendborg, tlf: 63102700, e-mail:svendborg@sosufyn.dk
Social- og Sundhedsskolen Midt- og Vestjylland ,657412,Gullestrupvej 10,7400,Herning, tlf: 96272929, e-mail:info@sosumv.dk
Social- og Sundhedsskolen Midt- og Vestjylland Herning afd. ,281569,Gullestrupvej 10,7400,Herning, tlf: 96272929, e-mail:info@sosumv.dk
Social- og Sundhedsskolen Midt- og Vestjylland Holstebro afd. ,280635,Døesvej 70-76,7500,Holstebro, tlf: 30169010, e-mail:info@sosumv.dk
Social- og Sundhedsskolen Skive-Thisted-Viborg ,787409,Arvikavej 7,7800,Skive, tlf: 89124400, e-mail:skive@sosu-stv.dk
Social- og Sundhedsskolen Skive-Thisted-Viborg afd. Skive ,779406,Arvikavej 7,7800,Skive, tlf: 89124400, e-mail:skive@sosu-stv.dk
Social- og Sundhedsskolen Skive-Thisted-Viborg afd. Thisted ,787404,Lerpyttervej 56,7700,Thisted, tlf: 89124450, e-mail:thisted@sosu-stv.dk
Social- og Sundhedsskolen Syd ,545406,Bjerggade 4 M,6200,Aabenraa, tlf: 73334300, e-mail:sosu@sosu-syd.dk
Social- og Sundhedsskolen Syd Campus Tønder ,280741,Martin Hammerichsvej 3,6270,Tønder, tlf: 73334300, e-mail:sosu@sosu-syd.dk
Social- og Sundhedsskolen Syd Haderslev ,281085,Christen Kolds Vej 20,6100,Haderslev, tlf: 73334300, e-mail:sosu@sosu-syd.dk
Social- og Sundhedsskolen Syd Sønderborg ,280740,Hilmar Finsens Gade 14,6400,Sønderborg, tlf: 73334300, e-mail:sosu@sosu-syd.dk
Social- og Sundhedsskolen Syd Aabenraa ,281517,Bjerggade 4M,6200,Aabenraa, tlf: 73334300, e-mail:sosu@sosu-syd.dk
Social- og Sundhedsskolen Skive-Thisted-Viborg afd. Viborg ,280377,Reberbanen 11,8800,Viborg, tlf: 89124400, e-mail:Viborg@sosu-stv.dk
Social-og Sundhedsskolen Fredericia-Vejle-Horsens ,607410,6. Julivej 67,7000,Fredericia, tlf: 79211200, e-mail:sos@sosufvh.dk
SOSU H ,281074,Skelbækgade 1,1717,København V, tlf: 72266000, e-mail:sosuh@sosuh.dk
SOSU H Brøndby ,281417,Brøndby Møllevej 4,2605,Brøndby, tlf: 72266000, e-mail:sosuh@sosuh.dk
SOSU H Frederikssund ,280885,Heimdalsvej 1,3600,Frederikssund, tlf: 72266000, e-mail:sosuh@sosuh.dk
SOSU H Gladsaxe ,281418,Buddinge Hovedgade 81,2860,Søborg, tlf: 72266000, e-mail:sosuh@sosuh.dk
SOSU H Helsingør ,280886,Rasmus Knudsens Vej 9,3000,Helsingør, tlf: 72266000, e-mail:sosuh@sosuh.dk
SOSU H Herlev ,281419,Hørkær 22,2730,Herlev, tlf: 72266000, e-mail:sosuh@sosuh.dk
SOSU H Hillerød ,219409,Milnersvej 40,3400,Hillerød, tlf: 72266000, e-mail:sosuh@sosuh.dk
SOSU H Hillerød (MUE) ,280739,Munkeengen 22-26,3400,Hillerød, tlf: 72266000, e-mail:sosuh@sosuh.dk
SOSU H København ,101449,Skelbækgade 1,1717,København V, tlf: 72266000, e-mail:sosuh@sosuh.dk
SOSU Nord ,851452,På Sporet 8A,9000,Aalborg, tlf: 72218100, e-mail:SOSUnord@SOSUnord.dk
SOSU Nord Frederikshavn ,281639,Kirkegade 9,9900,Frederikshavn, tlf: 72218100, e-mail:SOSUnord@SOSUnord.dk
SOSU Nord Jammerbugt ,281642,Skolevej 5,9460,Brovst, tlf: 72218100, e-mail:SOSUnord@SOSUnord.dk
SOSU Nord Mariagerfjord ,281641,Kirketoften 7,9500,Hobro, tlf: 72218100, e-mail:SOSUnord@SOSUnord.dk
SOSU Nord Vendsyssel ,821411,Hedevold 11,9800,Hjørring, tlf: 72218100, e-mail:SOSUnord@SOSUnord.dk
SOSU Nord Vest Himmerland ,281640,Østre Boulevard 10,9600,Aars, tlf: 72218100, e-mail:SOSUnord@SOSUnord.dk
SOSU Nord På Sporet ,280529,På Sporet 8A,9000,Aalborg, tlf: 72218100, e-mail:sosunord@sosunord.dk
SOSU Nykøbing F. ,369409,Vestensborg Allé 78,4800,Nykøbing F, tlf: 54853800, e-mail:sosunyk@sosunyk.dk
SOSU Østjylland ,280879,Hedeager 33,8200,Aarhus N, tlf: 87412626, e-mail:sosu@sosuoj.dk
SOSU Østjylland Silkeborg afd. ,743407,Høgevej 4,8600,Silkeborg, tlf: 86804755, e-mail:sosu@sosuoj.dk
SOSU Østjylland Skanderborg afd. ,280329,Grønlandsvej 5,8660,Skanderborg, tlf: 86804755, e-mail:sosu@sosuoj.dk
SOSU Østjylland Aarhus ,751443,Hedeager 33,8200,Aarhus N, tlf: 87412626, e-mail:sosu@sosuoj.dk
Struer Statsgymnasium - erhvervsskolen ,671401,Jyllandsgade 2,7600,Struer, tlf: 97854300, e-mail:struer-statsgym@stgym.dk
Svendborg Erhvervsskole & - Gymnasier ,479413,Skovsbovej 43A,5700,Svendborg, tlf: 72225700, e-mail:mail@sesg.dk
Svendborg Erhvervsskole & - Gymnasier Porthusvej ,479401,Porthusvej 71A,5700,Svendborg, tlf: 72225700, e-mail:mail@sesg.dk
Svendborg Erhvervsskole & - Gymnasier Ryttervej ,479415,Ryttervej 65,5700,Svendborg, tlf: 72225700, e-mail:mail@sesg.dk
Svendborg Erhvervsskole & Gymnasier ,281667,Sundagervej 42,5600,Faaborg, tlf: 72225700, e-mail:mail@sesg.dk
Svendborg Erhvervsskole & -Gymnasier Skovsbovej ,479402,Skovsbovej 43A,5700,Svendborg, tlf: 72225700, e-mail:mail@sesg.dk
Syddansk Erhvervsskole Odense-Vejle ,461452,Munkebjergvej 130,5230,Odense M, tlf: 70109900, e-mail:sde@sde.dk
Syddansk Erhvervsskole Odense-Vejle Blangstedgårdsvej ,461447,Blangstedgårdsvej 1B,5220,Odense SØ, tlf: 70109900, e-mail:sde@sde.dk
Syddansk Erhvervsskole Odense-Vejle Boulevarden 36 ,631413,Boulevarden 36,7100,Vejle, tlf: 70109900, e-mail:sde@sde.dk
Syddansk Erhvervsskole Odense-Vejle Munkebjergvej 130 ,461446,Munkebjergvej 130,5230,Odense M, tlf: 70109900, e-mail:sde@sde.dk
Syddansk Erhvervsskole Odense-Vejle Petersmindevej 1 A ,461457,Petersmindevej 1 A,5000,Odense C, tlf: 70109900, e-mail:sde@sde.dk
Syddansk Erhvervsskole Odense-Vejle Petersmindevej 1 F ,461444,Petersmindevej 1F,5000,Odense C, tlf: 70109900, e-mail:sde@sde.dk
Syddansk Erhvervsskole Odense-Vejle Risingvej ,461443,Risingsvej 60,5000,Odense C, tlf: 70109900, e-mail:sde@sde.dk
Syddansk Erhvervsskole Odense-Vejle Tinghusgade ,565402,Tinghusgade 12,7200,Grindsted, tlf: 70109900, e-mail:sde@sde.dk
TEC Lyngby Lundtoftevej ,280869,Lundtoftevej 53A,2800,Kgs. Lyngby, tlf: 38177000, e-mail:tec@tec.dk
TEC Ballerup ,151405,Telegrafvej 9,2750,Ballerup, tlf: 38177000, e-mail:tec@tec.dk
TEC Frederiksberg ,147428,Stæhr Johansens Vej 7,2000,Frederiksberg, tlf: 38177000, e-mail:tec@tec.dk
TEC Gladsaxe ,159401,Tobaksvejen 15,2860,Søborg, tlf: 38177000, e-mail:tec@tec.dk
TEC Hvidovre ,167402,Stamholmen 201,2650,Hvidovre, tlf: 38177000, e-mail:tec@tec.dk
TEC Technical Education Copenhagen ,147401,Stæhr Johansens Vej 7,2000,Frederiksberg, tlf: 38177000, e-mail:tec@tec.dk
TECHCOLLEGE ,851401,Øster Uttrup Vej 1,9000,Aalborg, tlf: 72501000, e-mail:mail@techcollege.dk
TECHCOLLEGE Technology ,851467,Øster Uttrup Vej 1,9000,Aalborg, tlf: 72507000, e-mail:mail@techcollege.dk
TECHCOLLEGE Agri ,851459,Struervej 70,9220,Aalborg Øst, tlf: 72501000, e-mail:mail@techcollege.dk
TECHCOLLEGE Auto ,851460,Teglværket 2,9400,Nørresundby, tlf: 72501000, e-mail:mail@techcollege.dk
TECHCOLLEGE Construction ,851461,Øster Uttrup Vej 1,9000,Aalborg, tlf: 72501000, e-mail:mail@techcollege.dk
TECHCOLLEGE Dental ,851462,Rørdalsvej 10,9000,Aalborg, tlf: 72501000, e-mail:mail@techcollege.dk
TECHCOLLEGE Food ,851463,Rørdalsvej 10,9000,Aalborg, tlf: 72501000, e-mail:mail@techcollege.dk
TECHCOLLEGE Media ,851464,Øster Uttrupvej 1,9000,Aalborg, tlf: 72501000, e-mail:mail@techcollege.dk
TECHCOLLEGE Metal ,851465,Sigrid Undsets Vej 3,9220,Aalborg Øst, tlf: 72501000, e-mail:mail@techcollege.dk
TECHCOLLEGE Style & Wellness ,851466,Rørdalsvej 10,9000,Aalborg, tlf: 72501000, e-mail:mail@techcollege.dk
TEKNISK GYMNASIUM Skanderborg ,280312,Højvangens Torv 2,8660,Skanderborg, tlf: 89373533, e-mail:mail@aarhustech.dk
TietgenSkolen ,461415,Elmelundsvej 10,5200,Odense V, tlf: 65452500, e-mail:ts@tietgen.dk
TietgenSkolen (ELM) ,461402,Elmelundsvej 10,5200,Odense V, tlf: 65452200, e-mail:hhx@tietgen.dk
TietgenSkolen (LER) ,461431,Lerchesgade 29,5000,Odense C, tlf: 65452600, e-mail:business@tietgen.dk
TietgenSkolen (TKC Rugårdsvej) ,461303,Rugårdsvej 286,5210,Odense NV, tlf: 66452001, e-mail:ts@tietgen.dk
TietgenSkolen (TKC) ,461436,Ejlskovsgade 3,5000,Odense C, tlf: 65452500, e-mail:tkc@tietgen.dk
Tradium Retail & Management ,731407,Vester Alle 26,8900,Randers C, tlf: 70111010, e-mail:info@tradium.dk
Tradium Erhvervsskole og -gymnasier Randers ,280051,Vester Alle 26,8900,Randers C, tlf: 70111010, e-mail:info@tradium.dk
Tradium EUD/EUX Business ,731413,Minervavej 57,8960,Randers SØ, tlf: 70111010, e-mail:info@tradium.dk
Tradium Handelsgymnasiet 3-årig HHX ,731406,Rådmands Boulevard 19,8900,Randers C, tlf: 70111010, e-mail:info@tradium.dk
Tradium Ring Djursland ,721401,Amu Centervej 2,8560,Kolind, tlf: 70111010, e-mail:info@tradium.dk
Tradium Teknisk Gymnasium HTX ,280624,Vester Alle 26,8900,Randers C, tlf: 70111010, e-mail:info@tradium.dk
Tradium Tekniske erhvervsuddannelser BL ,280090,Blommevej 40,8930,Randers NØ, tlf: 70111010, e-mail:info@tradium.dk
Tradium Tekniske erhvervsuddannelser VA ,731401,Vester Alle 26,8900,Randers C, tlf: 70111010, e-mail:info@tradium.dk
Træningsskolens Arbejdsmarkedsuddannelser ,101573,Kalvebodvej 231,2791,Dragør, tlf: 35250340, e-mail:tamu.info@tamu.dk
Tønder Handelsskole ,541402,Martin Hammerichsvej 3,6270,Tønder, tlf: 73734080, e-mail:toha@toha.dk
U/NORD ,173410,Lundtoftevej 93,2800,Kgs. Lyngby, tlf: 88526300, e-mail:info@unord.dk
U/NORD ,281219,Lundtoftevej 93,2800,Kgs. Lyngby, tlf: 48290000, e-mail:info@knord.dk
U/NORD Frederikssund Handelsgymnasium ,209401,Heimdalsvej 1 B,3600,Frederikssund, tlf: 48290000, e-mail:info@unord.dk
U/NORD Frederikssund Handelsskole ,280503,Heimdalsvej 1,3600,Frederikssund, tlf: 48290000, e-mail:info@unord.dk
U/NORD Frederikssund Tekniske Gymnasium ,281645,Odinsvej 6,3600,Frederikssund, tlf: 48290000, e-mail:info@unord.dk
U/NORD Frederikssund Tekniske Skole ,280864,Heimdalsvej 1,3600,Frederikssund, tlf: 48290000, e-mail:info@unord.dk
U/NORD Helsingør Rasmus Knudsens Vej ,217407,Rasmus Knudsens Vej 9,3000,Helsingør, tlf: 48290000, e-mail:info@unord.dk
U/NORD Hillerød Handelsgymnasium ,219412,Trollesminde Allé 24,3400,Hillerød, tlf: 88526500, e-mail:info@unord.dk
U/NORD Hillerød Handelsskole ,219402,Trollesminde Allé 24,3400,Hillerød, tlf: 88526500, e-mail:info@unord.dk
U/NORD Hillerød Teknisk Gymnasium ,219413,Carlsbergvej 34,3400,Hillerød, tlf: 48290000, e-mail:info@unord.dk
U/NORD Hillerød Milnersvej ,281351,Milnersvej 48,3400,Hillerød, tlf: 48290000, e-mail:info@unord.dk
U/NORD Hillerød Peder Oxes Alle ,219408,Peder Oxes Allé 4,3400,Hillerød, tlf: 48290000, e-mail:info@unord.dk
U/NORD Lyngby Handelsgymnasium ,280480,Hjortehøjsvej 1,2800,Kgs. Lyngby, tlf: 48290000, e-mail:info@unord.dk
U/NORD Lyngby Handelsskole ,173402,Lundtoftevej 93,2800,Kgs. Lyngby, tlf: 48290000, e-mail:info@unord.dk
UCRS ,760401,Skolebyen 5,6900,Skjern, tlf: 96801500, e-mail:uc@ucrs.dk
UCRS EUD & EUX Business ,669402,Ånumvej 14,6900,Skjern, tlf: 97351233, e-mail:uc@ucrs.dk
UCRS Gymnasiet HHX Ringkøbing ,667401,Vasevej 20,6950,Ringkøbing, tlf: 97320200, e-mail:uc@ucrs.dk
UCRS Gymnasiet HHX Skjern ,281670,Skolebyen 5,6900,Skjern, tlf: 96801500, e-mail:uc@ucrs.dk
UCRS Gymnasiet HTX Skjern ,281445,Skolebyen 5,6900,Skjern, tlf: 96801500, e-mail:uc@ucrs.dk
UCRS Skjern Tekniske Skole ,669401,Skolebyen 5,6900,Skjern, tlf: 96801500, e-mail:uc@ucrs.dk
Uddannelsescenter Holstebro ,280052,Døesvej 70,7500,Holstebro, tlf: 99122222, e-mail:info@ucholstebro.dk
Uddannelsescenter Holstebro HHX og EUD/EUX Business ,661402,Døesvej 76,7500,Holstebro, tlf: 99122222, e-mail:info@ucholstebro.dk
Uddannelsescenter Holstebro HTX og EUD/EUX Teknisk ,661414,Døesvej 70,7500,Holstebro, tlf: 99122222, e-mail:info@ucholstebro.dk
Varde Handelsskole og Handelsgymnasium ,573401,Frisvadvej 70,6800,Varde, tlf: 75222322, e-mail:vardehs@vardehs.dk
Vejen Business College ,575402,Jyllandsgade 11,6600,Vejen, tlf: 75361311, e-mail:vejenbc@vejenbc.dk
Vejle Tekniske Gymnasium ,461458,Jernbanegade 28,7100,Vejle, tlf: 70109900, e-mail:sde@sde.dk
Viden Djurs ,707403,N P Josiassens Vej 44E,8500,Grenaa, tlf: 87580400, e-mail:info@videndjurs.dk
Viden Djurs VID Gymnasier Grenaa ,707407,N P Josiassens Vej 44E,8500,Grenaa, tlf: 87580400, e-mail:info@videndjurs.dk
Viden Djurs Handelsgymnasium Rønde ,280302,Skrejrupvej 9B,8410,Rønde, tlf: 87580400, e-mail:info@videndjurs.dk
Viden Djurs Medie ,281535,Ydesvej 4,8500,Grenaa, tlf: 87580400, e-mail:info@videndjurs.dk
Viden Djurs VID Detail ,281534,Karen Blixens Vej 1A,8500,Grenaa, tlf: 87580400, e-mail:info@videndjurs.dk
Viden Djurs VID Erhvervsuddannelser Grenaa ,707402,Århusvej 49,8500,Grenaa, tlf: 87580400, e-mail:info@videndjurs.dk
Viden Djurs VID Erhvervsuddannelser Kalø ,739303,Skovridervej 3,8410,Rønde, tlf: 87580400, e-mail:info@videndjurs.dk
Viden Djurs VID Skillz ,281536,Ågade 2A,8500,Grenaa, tlf: 87580400, e-mail:info@videndjurs.dk
ZBC Faxe ,281671,Præstøvej 5,4640,Faxe, tlf: 55788888, e-mail:zbc@zbc.dk
ZBC Handels og Teknisk gymnasium Ringsted ,280729,Ahorn Alle 3-5,4100,Ringsted, tlf: 55788888, e-mail:zbc@zbc.dk
ZBC Handels- og Teknisk gymnasium Slagelse ,281057,Willemoesvej 4,4200,Slagelse, tlf: 55788888, e-mail:zbc@zbc.dk
ZBC Handels og Teknisk gymnasium Vordingborg ,280728,Chr Richardtsvej 43,4760,Vordingborg, tlf: 55788888, e-mail:zbc@zbc.dk
ZBC Handelsgymnasiet Næstved ,280730,Handelsskolevej 3,4700,Næstved, tlf: 55788888, e-mail:zbc@zbc.dk
ZBC Haslev ,281056,Søndergade 12,4690,Haslev, tlf: 55788888, e-mail:zbc@zbc.dk
ZBC Holbæk (SOSU) ,315413,Slotshaven 3,4300,Holbæk, tlf: 55788888, e-mail:zbc@zbc.dk
ZBC Kalundborg (SOSU) ,281546,J Hagemann-Petersens Alle 22,4400,Kalundborg, tlf: 55788888, e-mail:zbc@zbc.dk
ZBC Køge ,281055,Campusbuen 40,4600,Køge, tlf: 55788888, e-mail:zbc@zbc.dk
ZBC Køge (SOSU) ,253401,Campusbuen 40,4600,Køge, tlf: 55788888, e-mail:zbc@zbc.dk
ZBC Næstved ,373409,Handelsskolevej 3,4700,Næstved, tlf: 55788888, e-mail:zbc@zbc.dk
ZBC Næstved (SOSU) ,373403,Handelsskolevej 3,4700,Næstved, tlf: 55788888, e-mail:zbc@zbc.dk
ZBC Ringsted ,329406,Ahorn Alle 3,4100,Ringsted, tlf: 55788888, e-mail:zbc@zbc.dk
ZBC Ringsted (SOSU) ,329405,Selandia Park 8,4100,Ringsted, tlf: 55788888, e-mail:zbc@zbc.dk
ZBC Roskilde (Slagteriskolen) ,265402,Maglegårdsvej 8,4000,Roskilde, tlf: 55788888, e-mail:zbc@zbc.dk
ZBC Roskilde (SOSU) ,280569,Maglegårdsvej 8,4000,Roskilde, tlf: 55788888, e-mail:zbc@zbc.dk
ZBC Slagelse - Kokke- & Tjenerskolen ,281547,Valbyvej 69C,4200,Slagelse, tlf: 55788888, e-mail:zbc@zbc.dk
ZBC Slagelse (Selandia) ,333409,Bredahlsgade 1,4200,Slagelse, tlf: 55788888, e-mail:zbc@zbc.dk
ZBC Slagelse (SOSU) ,303401,Bredahlsgade 3,4200,Slagelse, tlf: 55788888, e-mail:zbc@zbc.dk
ZBC Slagelse Auto-  Transport- & Logistikskolen ,281548,Dalsvinget 18-20,4200,Slagelse, tlf: 55788888, e-mail:zbc@zbc.dk
ZBC Slagelse Business ,281549,Bredahlsgade 3,4200,Slagelse, tlf: 55788888, e-mail:zbc@zbc.dk
ZBC Slagelse El- og Dataskolen ,281550,Willemoesvej 4,4200,Slagelse, tlf: 55788888, e-mail:zbc@zbc.dk
ZBC Slagelse Landbrugs- & Gartnerskolen Jernbjerggaard ,281551,C.A.Olesensvej 2,4200,Slagelse, tlf: 55788888, e-mail:zbc@zbc.dk
ZBC Vordingborg ,397401,Chr. Richardtsvej 43,4760,Vordingborg, tlf: 55788888, e-mail:zbc@zbc.dk
Zealand Business College ,280941,Selandia Park 6,4100,Ringsted, tlf: 55788888, e-mail:zbc@zbc.dk
Aalborg Handelsskole Hovedafdeling ,851402,Strandvejen 25,9000,Aalborg, tlf: 99364600, e-mail:ah@ah.dk
Aalborg Handelsskole Langagervej 16 ,851442,Langagervej 16,9220,Aalborg Øst, tlf: 99364750, e-mail:ah@ah.dk
Aalborg Handelsskole Saxogade 10 ,851443,Saxogade 10,9000,Aalborg, tlf: 99364830, e-mail:ah@ah.dk
Aalborg Handelsskole Strandvejen 25 ,851445,Strandvejen 25,9000,Aalborg, tlf: 99364630, e-mail:ah@ah.dk
Aalborg Handelsskole Turøgade 1 ,851441,Turøgade 1,9000,Aalborg, tlf: 99364520, e-mail:ah@ah.dk
Aalborg Tekniske Gymnasium - Friis ,280867,Nyhavnsgade 14,9000,Aalborg, tlf: 72501000, e-mail:mail@techcollege.dk
Aalborg Tekniske Gymnasium ØUV ,851437,Øster Uttrup Vej 5,9000,Aalborg, tlf: 72505800, e-mail:aatg@aatg.dk
Aarhus Business College ,281399,Sønderhøj 9,8260,Viby J, tlf: 89363636, e-mail:aabc@aabc.dk
Aarhus Business College EUX og EUD Sønderhøj ,751437,Sønderhøj 28,8260,Viby J, tlf: 89363700, e-mail:erhvervsudd@aabc.dk
Aarhus Business College Handelsfagskolen ,727401,Rådhusgade 56-58,8300,Odder, tlf: 86541700, e-mail:aabc@aabc.dk
Aarhus Business College Aarhus Handelsgymnasium Vejlby ,751439,Vejlby Centervej 50,8240,Risskov, tlf: 89363800, e-mail:admve@aabc.dk
Aarhus Business College Aarhus Handelsgymnasium Viemosevej ,751441,Viemosevej 1,8260,Viby J, tlf: 89363450, e-mail:admvi@aabc.dk
AARHUS GYMNASIUM Viby ,751478,Hasselager Allé 10,8260,Viby J, tlf: 89373533, e-mail:mail@aarhustech.dk
AARHUS GYMNASIUM Aarhus C ,751479,Dollerupvej 2,8000,Aarhus C, tlf: 89373533, e-mail:mail@aarhustech.dk
AARHUS TECH ,751401,Halmstadgade 6,8200,Aarhus N, tlf: 89373533, e-mail:mail@aarhustech.dk
AARHUS TECH ,281075,Halmstadgade 6,8200,Aarhus N, tlf: 89373533, e-mail:mail@aarhustech.dk
AMU JUUL ,265414,Abildgårdsvej 14,4000,Roskilde, tlf: 46321022, e-mail:info@amujuul.dk
Dansk Brand og sikringsteknisk Institut (NUSA) ,167403,Jernholmen 12,2650,Hvidovre, tlf: 36349000, e-mail:dbi@brandogsikring.dk
Dansk Brand og sikringsteknisk Institut Fredericia ,281334,Strevelinsvej 4,7000,Fredericia, tlf: 36349000, e-mail:dbi@brandogsikring.dk
Dansk Brand- og sikringsteknisk Institut Frederikshavn ,280286,Baldersvej 9,9900,Frederikshavn, tlf: 36349000, e-mail:dbi@brandogsikring.dk
Dansk Brand og sikringsteknisk Institut Hvidovre ,280285,Jernholmen 12,2650,Hvidovre, tlf: 36349000, e-mail:dbi@brandogsikring.dk
Dansk Brand og sikringsteknisk Institut Aarhus ,281335,Runetoften 16,8210,Aarhus V, tlf: 36349000, e-mail:dbi@brandogsikring.dk
DEKRA A/S ,153407,Kirkebjerg Allé 90,2605,Brøndby, tlf: 43425425, e-mail:hovedstaden@dekra.dk
DEKRA Fyn ApS ,461440,Hans Egedes Vej 4,5210,Odense NV, tlf: 70250300, e-mail:fyn@dekra.dk
DEKRA Midtjylland ApS ,669403,Arnborgvej 1B,6900,Skjern, tlf: 88779311, e-mail:midtjylland@dekra.dk
DEKRA Nordjylland A/S ,847402,Kjeldgaardsvej 4,9300,Sæby, tlf: 98467888, e-mail:nordjylland@dekra.dk
DEKRA Sjælland A/S ,371401,Bassinbuen 2,4700,Næstved, tlf: 60708000, e-mail:sjaelland@dekra.dk
DEKRA Sydjylland A/S ,575404,Arnfredsvej 8,6600,Vejen, tlf: 75557766, e-mail:sydjylland@dekra.dk
Diakonhøjskolen Social- og Sundhedsudd. ,751444,Lyseng Allé 15,8270,Højbjerg, tlf: 86274122, e-mail:info@diakonissen.dk
Diakonissestiftelsen ,147415,Peter Bangs Vej 7A,2000,Frederiksberg, tlf: 38384100, e-mail:SOSU@diakonissen.dk
Edutasia ApS - Nyledige ,281350,Gammel Gugvej 17A,9000,Aalborg, tlf: 70108020, e-mail:mv@edutasia.dk
Erhvervsgrunduddannelsen i Århus ,751476,Værkmestergade 13A,8000,Aarhus C, tlf: 89405975, e-mail:egu@msb.aarhus.dk
Forsikringsakademiet A/S ,223401,Rungsted Strandvej 107,2960,Rungsted Kyst, tlf: 45165000, e-mail:uddannelse@forsikringsakademiet.dk
Forsvarets Center for Digital Forvaltning og Uddannelse ,280281,Ellebækvej 2,3460,Birkerød, tlf: 45674567, e-mail:fko@mil.dk
Forsvarskommandoen ,181403,Danneskiold-Samsøes Allé 1 Holmen,1434,København K, tlf: 45674567, e-mail:fko@mil.dk
Havredal Praktiske Landbrugsskole ,280128,Smedevej 4 Havredal,7470,Karup J, tlf: 86662230, e-mail:detny@havredal.dk
International Training Academy ApS Beauty & Style ,281058,Søndergade 45,8000,Aarhus C, tlf: 70220232, e-mail:info@beautyandstyle.dk
Medieskolerne Viborg Mediecenter ,791411,Skaldehøjvej 2,8800,Viborg, tlf: 86675055, e-mail:mail@medieskolerne.dk
Midtjysk Erhvervskøreskole og Uddannelsescenter ApS ,281344,Mysundevej 4,8930,Randers NØ, tlf: 52237979, e-mail:kontor@m-e-k.dk
Pharmakon ,219406,Milnersvej 42,3400,Hillerød, tlf: 48206000, e-mail:info@pharmakon.dk
Scania Danmark A/S ,281352,Industribuen 19,2635,Ishøj, tlf: 44542244, e-mail:sdk.mail.sd.amu@scania.com
Sundhedsforvaltningen Uddannelses og udviklingsafdelingen ,265409,Ny Østergade 12,4000,Roskilde, tlf: 47329150, e-mail:ij@regionsjaelland.dk
Trafikskolen ApS ,281345,Ravnevej 7,6705,Esbjerg Ø, tlf: 75136384, e-mail:info@trafikskolen.dk
UCplus A/S ,151412,Mileparken 12A,2740,Skovlunde, tlf: 44870100, e-mail:mail@ucplus.dk
UCplus A/S Dansk - Hasselager ,280922,Alstrup Allé 11,8361,Hasselager, tlf: 20601183, e-mail:kp@ucplus.dk
Vildtforvaltningsskolen Kalø ,739401,Molsvej 34,8410,Rønde, tlf: 87910600, e-mail:kurser@jaegerne.dk
Allerød Gymnasium ,201007,Rådhusvej 6,3450,Allerød, tlf: 48177555, e-mail:AllerodGymnasium@allgym.dk
Alssundgymnasiet Sønderborg ,537011,Grundtvigs Allé 86,6400,Sønderborg, tlf: 74420501, e-mail:ags@ags.dk
Aurehøj Gymnasium ,157027,Skolevej 7,2820,Gentofte, tlf: 39654545, e-mail:kontakt@aurehoej.dk
Birkerød Gymnasium HF IB & Kostskole ,205007,Søndervangen 56,3460,Birkerød, tlf: 45168220, e-mail:mail@birke-gym.dk
Bjerringbro Gymnasium ,761009,P.E. Eriksens Vej 2,8850,Bjerringbro, tlf: 86683600, e-mail:epost@bggym.dk
Borupgaard Gymnasium ,151023,Lautruphøj 9,2750,Ballerup, tlf: 44656622, e-mail:boag@boag.nu
Brønderslev Gymnasium og HF ,805013,Islands Allé 20,9700,Brønderslev, tlf: 98822722, e-mail:post@br-gym.dk
Campus Bornholm - STX ,400022,Minervavej 1,3700,Rønne, tlf: 56959700, e-mail:post@cabh.dk
Christianshavns Gymnasium ,101118,Prinsessegade 35,1422,København K, tlf: 43290300, e-mail:cg@cg-gym.dk
Dronninglund Gymnasium ,807010,Søndervangsvej 1,9330,Dronninglund, tlf: 98843044, e-mail:dg@drlund-gym.dk
Duborg-Skolen ,961001,Postbox 380,6330,Padborg, tlf: 00000000, e-mail:duborg-skolen@skoleforeningen.org
Egedal Gymnasium & HF ,235005,Gymnasievej 1,3660,Stenløse, tlf: 47183300, e-mail:post@egegym.dk
Egå Gymnasium ,751110,Mejlbyvej 4,8250,Egå, tlf: 89124262, e-mail:mail@egaa-gym.dk
Esbjerg Gymnasium ,561027,Spangsbjerg Møllevej 310,6705,Esbjerg Ø, tlf: 75141300, e-mail:esbjerg.gymnasium@egonline.dk
Espergærde Gymnasium og HF ,217017,Gymnasievej 2,3060,Espergærde, tlf: 49176016, e-mail:eg@eg-gym.dk
European School Copenhagen - Upper Secondary ,281021,Ny Carlsberg Vej 99,1799,København V, tlf: 36466222, e-mail:admin.escph@kk.dk
Falkonergårdens Gymnasium og HF-Kursus ,147024,Sønderjyllands Allé 25,2000,Frederiksberg, tlf: 38770800, e-mail:falko@falko.dk
Favrskov Gymnasium ,709006,Ellemosevej 30,8370,Hadsten, tlf: 87612400, e-mail:gymnasiet@favrskov-gym.dk
Fjerritslev Gymnasium ,811009,Skovbrynet 9,9690,Fjerritslev, tlf: 96505100, e-mail:fg@fjerritslev-gym.dk
Fredericia Gymnasium ,607019,Nørrebrogade 88,7000,Fredericia, tlf: 75920688, e-mail:adm@fredericia-gym.dk
Frederiksberg Gymnasium ,147025,Falkoner Plads 2,2000,Frederiksberg, tlf: 38320410, e-mail:mail@frederiksberggymnasium.dk
Frederiksberg HF-Kursus ,147037,Sønderjyllands Allé 2,2000,Frederiksberg, tlf: 38773800, e-mail:ma@frberg-hf.dk
Frederiksborg Gymnasium og HF ,219012,Carlsbergvej 15,3400,Hillerød, tlf: 48201040, e-mail:post@fgc4.dk
Frederikshavn Gymnasium ,813012,Kærvej 1,9900,Frederikshavn, tlf: 98424433, e-mail:kontakt@frhavn-gym.dk
Frederikssund Gymnasium ,209006,Odinsvej 6,3600,Frederikssund, tlf: 47313011, e-mail:frsgym@frsgym.dk
Frederiksværk Gymnasium og HF ,211010,Strandgade 34,3300,Frederiksværk, tlf: 47725210, e-mail:post@fvgh.dk
FYNs HF ,461048,Kottesgade 2,5000,Odense C, tlf: 62656580, e-mail:fynshf@vucfyn.dk
Fyns HF-kursuÆrø ,492003,P.E. Pålsonsvej 1,5960,Marstal, tlf: 62656590, e-mail:aeroe@vucfyn.dk
Faaborg Gymnasium ,431013,Sundagervej 42,5600,Faaborg, tlf: 62618910, e-mail:post@faaborg-gym.dk
Gammel Hellerup Gymnasium ,157029,Svanemøllevej 87,2900,Hellerup, tlf: 45115151, e-mail:adm@ghg.dk
Gefion Gymnasium ,101624,Øster Voldgade 10,1350,København K, tlf: 33964141, e-mail:info@gefion-gym.dk
Gentofte HF ,157028,Dahlensstræde 5,2820,Gentofte, tlf: 39651103, e-mail:ghf@ghf.dk
Gladsaxe Gymnasium ,159028,Buddinge Hovedgade 81,2860,Søborg, tlf: 39563162, e-mail:post@gladgym.dk
Grenaa Gymnasium ,707008,N P Josiassensvej 21,8500,Grenaa, tlf: 87584050, e-mail:gg@grenaa-gym.dk
Greve Gymnasium ,253010,Rådhusholmen 12,2670,Greve, tlf: 43972000, e-mail:greve-gym@greve-gym.dk
Gribskov Gymnasium ,215010,Østergade 52,3200,Helsinge, tlf: 48798410, e-mail:post@gribskovgymnasium.dk
Grindsted Gymnasie- & Erhvervsskole ,281666,Tinghusgade 20,7200,Grindsted, tlf: 75323100, e-mail:grindstedgym@grindstedgym.dk
Grindsted Gymnasium & HF ,565013,Tinghusgade 20,7200,Grindsted, tlf: 75323100, e-mail:grindstedgym@grindstedgym.dk
Haderslev Katedralskole ,515017,Christiansfeldvej 31A,6100,Haderslev, tlf: 74522721, e-mail:adm@haderslev-gym.dk
Hasseris Gymnasium ,851062,Hasserisvej 300,9000,Aalborg, tlf: 96327110, e-mail:hg@hasseris-gym.dk
Helsingør Gymnasium ,217019,Borgm. P. Christensens Vej 3,3000,Helsingør, tlf: 49224100, e-mail:post@hels-gym.dk
Herlev Gymnasium og HF ,163010,Højsletten 39,2730,Herlev, tlf: 44946343, e-mail:hg@herlev-gym.dk
Herning Gymnasium ,657030,H.P.Hansens Vej 8,7400,Herning, tlf: 97221066, e-mail:post@herning-gym.dk
HF-Centret Efterslægten ,101247,Efterslægtsvej 5,2400,København NV, tlf: 33964000, e-mail:hfc@hfc.dk
Himmelev Gymnasium ,265022,Herregårdsvej 30,4000,Roskilde, tlf: 46757444, e-mail:himgym@himgym.dk
Hjørring Gymnasium/STX og HF ,821015,Skolevangen 23,9800,Hjørring, tlf: 98922433, e-mail:adm@hj-gym.dk
Holstebro Gymnasium og HF ,661015,Døesvej 64,7500,Holstebro, tlf: 97414222, e-mail:hogym@hogym.dk
Horsens Gymnasium & HF ,281397,Studentervænget 2,8700,Horsens, tlf: 76261500, e-mail:hs@hs-gym.dk
Horsens Gymnasium & HF Højen 1 ,615021,Højen 1,8700,Horsens, tlf: 76261500, e-mail:mail@horsensgym.dk
Horsens Gymnasium & HF Studentervænget 2 ,615018,Studentervænget 2,8700,Horsens, tlf: 76261500, e-mail:mail@horsens-gym.dk
Hvidovre Gymnasium & HF ,167012,Blytækkerporten 2,2650,Hvidovre, tlf: 36343434, e-mail:info@hvidovregymnasium.dk
Høje-Taastrup Gymnasium ,169017,Frøgård Allé 2,2630,Taastrup, tlf: 33964050, e-mail:htg@htg.dk
Høng Gymnasium og HF ,319008,Hovedgaden 2,4270,Høng, tlf: 58852636, e-mail:hoeng.gymnasium@hoeng-gymhf.dk
Ikast-Brande Gymnasium ,663007,Bøgildvej 6,7430,Ikast, tlf: 97153611, e-mail:ig@ikast-gym.dk
Kalundborg Gymnasium og HF ,323012,J. Hagemann-Petersens Allé 4,4400,Kalundborg, tlf: 59510662, e-mail:kontor@kalgym.dk
Kolding Gymnasium HF-Kursus og IB School ,621021,Skovvangen 10,6000,Kolding, tlf: 76339600, e-mail:kg@kolding-gym.dk
Københavns åbne Gymnasium ,101121,Sjælør Boulevard 133,2500,Valby, tlf: 36463350, e-mail:kg@adm.kg.dk
Køge Gymnasium ,259014,Gymnasievej 4,4600,Køge, tlf: 56652723, e-mail:kggym@kggym.dk
Lemvig Gymnasium ,280479,Romvej 30,7620,Lemvig, tlf: 97823822, e-mail:gym@lemvig-gym.dk
Lemvig Gymnasium STX og HHX ,665021,Romvej 30,7620,Lemvig, tlf: 97823822, e-mail:gym@lemvig-gym.dk
Mariagerfjord Gymnasium ,823007,Amerikavej 5,9500,Hobro, tlf: 98520855, e-mail:mf@mf-gym.dk
Maribo Gymnasium ,363010,Refshalevej 2,4930,Maribo, tlf: 54790479, e-mail:maribo.gymnasium@maribo-gym.dk
Marselisborg Gymnasium ,751074,Birketinget 9,8000,Aarhus C, tlf: 86266200, e-mail:mail@marselisborg-gym.dk
Middelfart Gymnasium & HF ,445007,Østre Hougvej 97,5500,Middelfart, tlf: 64412272, e-mail:mail@middelfart-gym.dk
Midtfyns Gymnasium ,473018,Holmehøjvej 4,5750,Ringe, tlf: 62622577, e-mail:post@midtfyns-gym.dk
Midtsjællands Gymnasium ,320003,Skolegade 31,4690,Haslev, tlf: 56312404, e-mail:kontor@msg-gym.dk
Morsø Gymnasium ,773024,Limfjordsvej 95,7900,Nykøbing M, tlf: 97722288, e-mail:adm@morsoe-gym.dk
MSG-Haslev ,313006,Skolegade 31A,4690,Haslev, tlf: 56312404, e-mail:kontor@msg-gym.dk
MSG-Ringsted ,329032,Ahorn Alle 11,4100,Ringsted, tlf: 57681140, e-mail:kontor@msg-gym.dk
Mulernes Legatskole ,461052,Gillestedvej 11,5240,Odense NØ, tlf: 66102642, e-mail:mail@mulerne-gym.dk
Munkensdam Gymnasium ,621022,Tøndervej 100,6000,Kolding, tlf: 76603060, e-mail:munkensdam@munkensdam.dk
Nakskov Gymnasium og HF ,367008,Søvej 6,4900,Nakskov, tlf: 54914300, e-mail:gymnasiet@nakskov-gym.dk
Nakskov Gymnasium og HF i Maribo ,281106,Refshalevej 2,4930,Maribo, tlf: 54914307, e-mail:gymnasiet@nakskov-gym.dk
Nakskov Gymnasium og HF i Nakskov ,281447,Søvej 6,4900,Nakskov, tlf: 54914300, e-mail:gymnasiet@nakskov-gym.dk
NEXT - Vestskoven Gymnasium (stx/hf) ,280568,Liljens Kvt 6,2620,Albertslund, tlf: 33880000, e-mail:next@nextkbh.dk
NEXT - Sydkysten gymnasium(stx) ,183007,Vejlebrovej 65,2635,Ishøj, tlf: 33880000, e-mail:next@nextkbh.dk
Nordfyns Gymnasium ,483008,Højagervej 25,5471,Søndersø, tlf: 64892210, e-mail:post@nordfyns-gym.dk
Nyborg Gymnasium ,449010,Skolebakken 13,5800,Nyborg, tlf: 65310217, e-mail:post@nyborg-gym.dk
Nykøbing Katedralskole ,369013,Poul Martin Møllersvej 3,4800,Nykøbing F, tlf: 54849000, e-mail:nk@nykgym.dk
Nærum Gymnasium ,181018,Nærum Hovedgade 30,2850,Nærum, tlf: 45114511, e-mail:nagpost@nagadm.dk
Næstved Gymnasium og HF ,373020,Nygårdsvej 43,4700,Næstved, tlf: 55720676, e-mail:skolen@naestved-gym.dk
Nørre Gymnasium ,101120,Mørkhøjvej 78,2700,Brønshøj, tlf: 44942722, e-mail:ng@norreg.dk
Nørresundby Gymnasium og HF ,851061,Studievej 14,9400,Nørresundby, tlf: 98172833, e-mail:post@nghf.dk
Odder Gymnasium ,727012,Østermarksvej 25,8300,Odder, tlf: 86544500, e-mail:og@odder-gym.dk
Odense Katedralskole ,461050,Jernbanegade 34,5000,Odense C, tlf: 66122240, e-mail:post@odensekatedralskole.dk
Odsherred Gymnasium ,305014,Åstoftevej 34,4550,Asnæs, tlf: 59650033, e-mail:eucnvs@eucnvs.dk
Ordrup Gymnasium ,157031,Kirkevej 5,2920,Charlottenlund, tlf: 39640178, e-mail:kontor@ordrup-gym.dk
Paderup gymnasium ,731023,Apollovej 64,8960,Randers SØ, tlf: 86416677, e-mail:pg@paderup-gym.dk
Randers Statsskole ,731022,Rådmands Boulevard 20,8900,Randers C, tlf: 86410844, e-mail:adm@rs-gym.dk
Ribe Katedralskole ,280991,Puggaardsgade 22,6760,Ribe, tlf: 75420266, e-mail:rk@ribekatedralskole.dk
Ribe Katedralskole stx ,571019,Puggaardsgade 22,6760,Ribe, tlf: 75420266, e-mail:rk@ribekatedralskole.dk
Ringkjøbing Gymnasium ,667015,Vasevej 24,6950,Ringkøbing, tlf: 96743400, e-mail:post@rkbgym.dk
Risskov gymnasium ,751075,Tranekærvej 70,8240,Risskov, tlf: 86214077, e-mail:adm@risskov-gym.dk
Rosborg Gymnasium & HF ,631022,Vestre Engvej 61,7100,Vejle, tlf: 75832322, e-mail:rosborg@rosborg-gym.dk
Roskilde Gymnasium ,265021,Domkirkepladsen,4000,Roskilde, tlf: 46353444, e-mail:mail@roskilde-gym.dk
Roskilde Katedralskole ,265020,Holbækvej 59B,4000,Roskilde, tlf: 46351891, e-mail:post@rks-gym.dk
Rungsted Gymnasium ,223009,Stadionalle 14,2960,Rungsted Kyst, tlf: 45863311, e-mail:gymnasiet@rungsted-gym.dk
Rybners- STX- Grådybet ,561028,Grådybparken 11,6700,Esbjerg, tlf: 76133133, e-mail:info@rybners.dk
Rysensteen Gymnasium ,101115,Tietgensgade 74,1704,København V, tlf: 33244311, e-mail:mail@rysensteen.dk
Rødkilde Gymnasium ,631021,Rødkildevej 42,7100,Vejle, tlf: 75820488, e-mail:adm@roedkilde-gym.dk
Rødovre Gymnasium ,175011,Hendriksholms Boulevard 28,2610,Rødovre, tlf: 45115300, e-mail:rg@rg.dk
Sankt Annæ Gymnasium ,101117,Sjælør Boulevard 135,2500,Valby, tlf: 36466222, e-mail:sag@kk.dk
Sct. Knuds Gymnasium ,461051,Læssøegade 154,5230,Odense M, tlf: 63115660, e-mail:mail@sctknud-gym.dk
Silkeborg Gymnasium ,743019,Oslovej 10,8600,Silkeborg, tlf: 86810800, e-mail:sg@gymnasiet.dk
Skanderborg Gymnasium ,745007,Højvangens Torv 6,8660,Skanderborg, tlf: 86522333, e-mail:post@skanderborg-gym.dk
Skive Gymnasium ,779012,Egerisvej 180,7800,Skive, tlf: 97522466, e-mail:epost@skivegym.dk
Slagelse Gymnasium ,333013,Willemoesvej 2 A,4200,Slagelse, tlf: 58555959, e-mail:info@slagelse-gym.dk
Solrød Gymnasium ,269008,Solrød Center 2,2680,Solrød Strand, tlf: 56184000, e-mail:post@solgym.dk
Sorø Akademis Skole ,335008,Akademigrunden 8,4180,Sorø, tlf: 57865786, e-mail:kontakt@soroeakademi.dk
Stenhus Gymnasium ,315014,Stenhusvej 20,4300,Holbæk, tlf: 59436465, e-mail:kontakt@stenhus-gym.dk
Struer Statsgymnasium ,671010,Jyllandsgade 2,7600,Struer, tlf: 97854300, e-mail:struer-statsgym@stgym.dk
Struer Statsgymnasium ,671014,Jyllandsgade 2,7600,Struer, tlf: 97854300, e-mail:struer-statsgym@stgym.dk
Støvring Gymnasium ,845012,Mastrupvej 77,9530,Støvring, tlf: 98373511, e-mail:sgy@sgy.dk
Svendborg Gymnasium ,479017,A P Møllersvej 35,5700,Svendborg, tlf: 63213141, e-mail:post@svendborg-gym.dk
Syddjurs Gymnasium ,280004,Kr. Herskindsvej 6,8410,Rønde, tlf: 86371977, e-mail:kontor@roende-gym.dk
Sønderborg Statsskole ,537010,Kongevej 37,6400,Sønderborg, tlf: 74423427, e-mail:post@statsskolen.dk
Thisted Gymnasium STX og HF ,787023,Ringvej 32,7700,Thisted, tlf: 97923488, e-mail:post@thisted-gymnasium.dk
Tornbjerg Gymnasium ,461061,Skærmhatten 15,5220,Odense SØ, tlf: 66157102, e-mail:kontor@tornbjerg-gym.dk
Tønder Gymnasium ,541008,Astronom Hansensgade 9,6270,Tønder, tlf: 74721028, e-mail:tghf@toender-gym.dk
Tørring Gymnasium ,627007,Kirkevej 20,7160,Tørring, tlf: 75801844, e-mail:adm@toerring-gym.dk
Tårnby Gymnasium ,185012,Tejn Allé 5,2770,Kastrup, tlf: 45115353, e-mail:tgy@tgy.dk
U/NORD Lyngby Gymnasium ,280504,Hjortehøjsvej 1,2800,Kgs. Lyngby, tlf: 48290000, e-mail:info@unord.dk
Varde Gymnasium ,573010,Frisvadvej 72,6800,Varde, tlf: 75221611, e-mail:post@vardegymnasium.dk
Vejen Gymnasium og HF ,575012,Petersmindevej 3,6600,Vejen, tlf: 75363277, e-mail:vg@vejengymnasium.dk
Vestfyns Gymnasium ,433006,Langbygårdsvej 4,5620,Glamsbjerg, tlf: 63727400, e-mail:adm@vestfyns-gym.dk
Vesthimmerlands Gymnasium og HF ,861013,Jyllandsgade 52,9600,Aars, tlf: 98622577, e-mail:adm@vhim-gym.dk
Vestjysk Gymnasium Tarm ,760002,Skolegade 15,6880,Tarm, tlf: 97371833, e-mail:vgt@vgt.dk
Vestjysk Gymnasium Tarm ,655010,Skolegade 15,6880,Tarm, tlf: 97371833, e-mail:vgt@vgt.dk
Viborg Gymnasium ,791017,Skaldehøjvej 12,8800,Viborg, tlf: 86671533, e-mail:vghf@vghf.dk
Viborg Gymnasium afd. Bjerringbro ,281278,P. E. Eriksens Vej 2,8850,Bjerringbro, tlf: 86671533, e-mail:vghf@vghf.dk
Viborg Gymnasium afd. Viborg ,281459,Skaldehøjvej 12,8800,Viborg, tlf: 86671533, e-mail:vghf@vghf.dk
Viborg Katedralskole ,791016,Gl.Skivevej 2,8800,Viborg, tlf: 86620655, e-mail:vibkat@vibkat.dk
Viby Gymnasium ,751076,Søndervangs Allé 45,8260,Viby J, tlf: 87348000, e-mail:mail@vibygym.dk
Virum Gymnasium ,173017,Fuglsangvej 66,2830,Virum, tlf: 45832141, e-mail:vg@edu.virum-gym.dk
Vordingborg Gymnasium & HF ,397009,Chr Richardtsvej 43,4760,Vordingborg, tlf: 55365500, e-mail:kontor@vordingborg-gym.dk
Øregård Gymnasium ,157035,Gersonsvej 32,2900,Hellerup, tlf: 39622826, e-mail:post@orgd.dk
Ørestad Gymnasium ,101577,Ørestads Boulevard 75,2300,København S, tlf: 82302222, e-mail:mail@adm.oegnet.dk
Aabenraa Statsskole ,545008,Forstalle 14,6200,Aabenraa, tlf: 74622311, e-mail:Aabenraa@Statsskole.dk
Aalborg Katedralskole ,851060,Sankt Jørgens Gade 5,9000,Aalborg, tlf: 96313770, e-mail:adm@katedralskolen.dk
Aalborghus Gymnasium ,851059,Sohngårdsholmsvej 60,9000,Aalborg, tlf: 96316600, e-mail:post@aalborghus.dk
Århus Akademi ,751069,Gøteborg Allé 2,8200,Aarhus N, tlf: 87391680, e-mail:kontoret@AarhusAkademi.dk
AARHUS GYMNASIUM Tilst ,751077,Kileparken 25,8381,Tilst, tlf: 89373533, e-mail:mail@aarhustech.dk
Aarhus Katedralskole ,751071,Skolegyde 1,8000,Aarhus C, tlf: 89123400, e-mail:akat@akat.dk
Århus Statsgymnasium ,751072,Fenrisvej 33,8210,Aarhus V, tlf: 86158955, e-mail:post@aasg.dk
Bagsværd Kostskole og Gymnasium ,159020,Aldershvilevej 138,2880,Bagsværd, tlf: 44980065, e-mail:bk@bagkost.dk
Brøndby Gymnasium ,153015,Brøndby Stadion 28A,2605,Brøndby, tlf: 43205070, e-mail:brondby-gym@brondby-gym.dk
Copenhagen International School ,157042,Levantkaj 8,2150,Nordhavn, tlf: 39463300, e-mail:cis@cis.dk
Det frie Gymnasium ,101171,Møllegade 26,2200,København N, tlf: 35371111, e-mail:adm@detfri.dk
Det Kristne Gymnasium ,667016,Vasevej 28,6950,Ringkøbing, tlf: 97323100, e-mail:kontor@kristne-gym.dk
Deutsches Gymnasium Für Nordschleswig ,545007,Svinget 26,6200,Aabenraa, tlf: 74622636, e-mail:rektor@deutschesgym.dk
Herlufsholm Skole og Gods ,373019,Herlufsholm Allé 170,4700,Næstved, tlf: 55753500, e-mail:rektorkontor@herlufsholm.dk
Hovedstadens Kristne Gymnasium ,280950,Jydeholmen 15,2720,Vanløse, tlf: 40193954, e-mail:kontor@hkgym.dk
Ingrid Jespersens Gymnasieskole ,101124,Nordre Frihavnsgade 9,2100,København Ø, tlf: 35263622, e-mail:ijg@ijg.dk
International School of Hellerup ,280544,Rygårds Allé 131,2900,Hellerup, tlf: 70206368, e-mail:info@ish.dk
Københavns Private Gymnasium ,280100,Præstøgade 17,2100,København Ø, tlf: 39183919, e-mail:info@kpgym.dk
Marie Kruses Skole ,207004,Stavnsholtvej 29,3520,Farum, tlf: 44346200, e-mail:mks@mks.dk
Michael Skolen Rudolf Steiner i Hjortespring ,280958,Stokholtbuen 25,2730,Herlev, tlf: 44849898, e-mail:mail@michaelskolen.dk
N. Zahles Gymnasieskole ,101126,Nørre Voldgade 5,1358,København K, tlf: 33697900, e-mail:gymnasiet@zahles.dk
Niels Steensens Gymnasium ,101125,Sankt Kjelds Gade 3,2100,København Ø, tlf: 39162340, e-mail:nsg@nsg.dk
Nordsjællands Grundskole og Gymnasium samt HF ,227007,Christianshusvej 16,2970,Hørsholm, tlf: 45572321, e-mail:ngg@ngg.dk
Prins Henriks Skole Lycee Francais De Copenhague ,147043,Frederiksberg Alle 22A,1820,Frederiksberg C, tlf: 33212048, e-mail:lfph@lfph.dk
Rudolf Steiner skolen i Gentofte Vidar Skolen (HF) ,280955,Brogårdsvej 61,2820,Gentofte, tlf: 39657118, e-mail:kontor@vidarskolen.dk
Rudolf Steiner Skolen Kvistgård ,280954,Kvistgård Stationsv 2,3490,Kvistgård, tlf: 49139687, e-mail:kontor@steinerskolen-kvistgaard.dk
Rudolf Steiner-Skolen i Odense ,280957,Lindvedvej 64A,5260,Odense S, tlf: 65957004, e-mail:kontoret@rss-odense.dk
Rudolf Steiner-Skolen i Århus ,280956,Strandvejen 102,8000,Aarhus C, tlf: 86140900, e-mail:kontor@rssaarhus.dk
Sankt Petri skole - Gymnasium ,280011,Larslejsstræde 5,1451,København K, tlf: 33130462, e-mail:kontor@adm.sanktpetriskole.dk
Skolerne i Oure - Sport & Performance ,435007,Vejstruplund 18,5882,Vejstrup, tlf: 62383838, e-mail:OKG@oure.dk
Taastrup City Gymnasium ,280554,Erik Husfeldts Vej 2B,2630,Taastrup, tlf: 70200325, e-mail:info@htpg.dk
Vejlefjordskolen (gymnasium) ,613011,Vejlefjordskolen 15,8721,Daugård, tlf: 75895202, e-mail:info@vejlefjordskolen.dk
Gentofte Gymnasium ,157022,Hartmannsvej 22,2900,Hellerup, tlf: 39452720, e-mail:mail@gengym.dk
Nørrebro Gymnasium ,101108,Titangade 13A,2200,København N, tlf: 35831826, e-mail:nbgym@nbgym.dk
Sønderjyllands Gymnasium Grundskole og Kostskole ,525008,Vestergade 8,6520,Toftlund, tlf: 74832062, e-mail:stuk@stuk.dk
Aalborg City Gymnasium ,851057,På Sporet 4,9000,Aalborg, tlf: 96312222, e-mail:adm@aacg.dk
Campus Bornholm - HF og VUC  ,400247,Minervavej 1,3700,Rønne, tlf: 56959700, e-mail:post@cabh.dk
Campus Vejle HF & VUC  ,630248,Boulevarden 48,7100,Vejle, tlf: 72162616, e-mail:info@campusvejle.dk
Direktoratet for Kriminalforsorgen VUC  ,101252,Strandgade 100,1401,København K, tlf: 72554612, e-mail:csf@kriminalforsorgen.dk
Enner Mark Fængsel  ,615249,Frodesdalsvej 3,8700,Horsens, tlf: 72555620, e-mail:ennermark.faengsel@kriminalforsorgen.dk
EUD/EUX og VUC Odder  ,727248,Østermarksvej 25,8300,Odder, tlf: 87933020, e-mail:info@scu.dk
Frederiksberg VUC & STX  ,147248,Falstersvej 3,2000,Frederiksberg, tlf: 38158500, e-mail:vuf@vuf.nu
Herning HF og VUC  ,657248,Brorsonsvej 2,7400,Herning, tlf: 96276200, e-mail:info@hhfvuc.dk
Herstedvester Fængsel  ,165250,Holsbjergvej 20,2620,Albertslund, tlf: 72556500, e-mail:herstedvester.faengsel@kriminalforsorgen.dk
HF & VUC FYN  ,461248,Kottesgade 6-8,5000,Odense C, tlf: 62656550, e-mail:vucpost@vucfyn.dk
HF & VUC FYN afd. Midt  ,280758,Kottesgade 21,5000,Odense C, tlf: 62656840, e-mail:admfu@vucfyn.dk
HF & VUC FYN Faaborg  ,431247,Sundagervej 42,5600,Faaborg, tlf: 62656633, e-mail:faaborg@vucfyn.dk
HF & VUC FYN Glamsbjerg  ,433247,Nørregade 42,5620,Glamsbjerg, tlf: 62656680, e-mail:glamsbjerg@vucfyn.dk
HF & VUC FYN Middelfart  ,445247,Østre Hougvej 101,5500,Middelfart, tlf: 62656690, e-mail:middelfart@vucfyn.dk
HF & VUC FYN Nyborg  ,449247,Vestergade 7,5800,Nyborg, tlf: 62656660, e-mail:nyborg@vucfyn.dk
HF & VUC FYN Odense  ,461247,Kottesgade 6-8,5000,Odense C, tlf: 62656500, e-mail:odense@vucfyn.dk
HF & VUC FYN Svendborg  ,479247,Viebæltet 5,5700,Svendborg, tlf: 62656600, e-mail:Svendborg@vucfyn.dk
HF & VUC FYN Søndersø  ,483247,Højagervej 25,5471,Søndersø, tlf: 62656540, e-mail:sonderso@vucfyn.dk
HF & VUC FYN Ærø  ,443247,P.E. Pålsonsvej 1,5960,Marstal, tlf: 62656590, e-mail:aeroe@vucfyn.dk
HF & VUC Klar  ,333248,Herrestræde 11,4200,Slagelse, tlf: 58555050, e-mail:vucklar@vucklar.dk
HF & VUC Klar - Korsør  ,325247,Skolegade 1,4220,Korsør, tlf: 58555050, e-mail:vucklar@vucklar.dk
HF & VUC Klar - Ringsted  ,329247,Ahorn Allé 1,4100,Ringsted, tlf: 58555050, e-mail:vucklar@vucklar.dk
HF & VUC Klar - Slagelse  ,333247,Herrestræde 11,4200,Slagelse, tlf: 58555050, e-mail:vucklar@vucklar.dk
HF & VUC København Syd  ,167250,Åmarkvej 1,2650,Hvidovre, tlf: 45114300, e-mail:Kbhsyd@kbhsyd.dk
HF & VUC København Syd Amager  ,185247,Amager Strandvej 390,2770,Kastrup, tlf: 45114301, e-mail:Kbhsyd@kbhsyd.dk
HF & VUC København Syd Hvidovre  ,167248,Åmarkvej 1,2650,Hvidovre, tlf: 45114300, e-mail:Kbhsyd@kbhsyd.dk
HF & VUC NORD  ,851248,På Sporet 8B,9000,Aalborg, tlf: 99300100, e-mail:vuc@hfvucnord.dk
HF & VUC NORD Frederikshavn afdeling  ,813247,Kærvej 3,9900,Frederikshavn, tlf: 99300500, e-mail:vendsyssel@hfvucnord.dk
HF & VUC NORD Himmerland afd. Hadsund  ,815247,Tempovej 2-4,9560,Hadsund, tlf: 99300730, e-mail:vuc@hfvucnord.dk
HF & VUC NORD Himmerland afd. Hobro  ,823247,Amerikavej 5 A,9500,Hobro, tlf: 99300700, e-mail:aalborg-hobro@hfvucnord.dk
HF & VUC NORD Himmerland afd. Aars  ,861248,Jyllandsgade 52,9600,Aars, tlf: 99300760, e-mail:vest@hfvucnord.dk
HF & VUC NORD Hjørring afd. Brønderslev  ,805248,Islands Allé 20,9700,Brønderslev, tlf: 99300400, e-mail:vendsyssel@hfvucnord.dk
HF & VUC NORD Hjørring afdeling  ,821247,Skolevangen 27,9800,Hjørring, tlf: 99300400, e-mail:vendsyssel@hfvucnord.dk
HF & VUC NORD Jammerbugt afd. Brovst  ,803247,Stationsvej 20,9460,Brovst, tlf: 99300600, e-mail:vuc@hfvucnord.dk
HF & VUC NORD Jammerbugt afd. Åbybro  ,849247,Teknologiparken 1,9440,Aabybro, tlf: 99300600, e-mail:vest@hfvucnord.dk
HF & VUC NORD Aalborg afdeling  ,851247,På Sporet 8B,9000,Aalborg, tlf: 99300300, e-mail:aalborg-hobro@hfvucnord.dk
HF & VUC Nordsjælland  ,219248,Milnersvej 40,3400,Hillerød, tlf: 48201600, e-mail:post@vucns.dk
HF & VUC Nordsjælland Helsingør afdeling  ,217247,Gurrevej 90A,3000,Helsingør, tlf: 49264100, e-mail:post@vucns.dk
HF & VUC Nordsjælland Hillerød afd.  ,219247,Milnersvej 40,3400,Hillerød, tlf: 48201600, e-mail:post@vucns.dk
HF & VUC Skanderborg  ,745247,Højvangens Torv 2,8660,Skanderborg, tlf: 87933020, e-mail:info@scu.dk
Horsens HF & VUC  ,615248,Holmboes Alle 1C,8700,Horsens, tlf: 79295000, e-mail:post@horsenshfogvuc.dk
Horserød Fængsel Skolen  ,217249,Esrumvej 367,3000,Helsingør, tlf: 72552000, e-mail:horseroed.faengsel@kriminalforsorgen.dk
Jyderup Fængsel  ,341247,Søbæksparken 136,4450,Jyderup, tlf: 72552200, e-mail:jyderup.faengsel@kriminalforsorgen.dk
Kolding HF og VUC  ,621247,Kolding Åpark 16,6000,Kolding, tlf: 76336800, e-mail:Post@koldinghfogvuc.dk
Kragskovhede Fængsel Skolen  ,813249,Sindalvej 81,9981,Jerup, tlf: 72552900, e-mail:kragskovhede.faengsel@kriminalforsorgen.dk
Kriminalforsorgen Sjælland Storstrøm Fængsel  ,280964,Blichersvej 1,4840,Nørre Alslev, tlf: 72551667, e-mail:storstroem.faengsel@kriminalforsorgen.dk
Københavns VUC  ,101253,Vognmagergade 8,1120,København K, tlf: 82326600, e-mail:kvuc@kvuc.dk
Københavns VUC - Sankt Petri Passage 1  ,280103,Sankt Petri Passage 1,1165,København K, tlf: 82326600, e-mail:kvuc@kvuc.dk
Københavns VUC - Vognmagergade 8  ,280102,Vognmagergade 8,1120,København K, tlf: 82326600, e-mail:kvuc@kvuc.dk
Møgelkær Fængsel  ,615250,Møgelkærvej 15,7130,Juelsminde, tlf: 79266677, e-mail:moegelkaer.faengsel@kriminalforsorgen.dk
Nordvestsjællands HF & VUC  ,315248,Slotshaven 5,4300,Holbæk, tlf: 59480348, e-mail:holbaek@nvsvuc.dk
Nordvestsjællands HF & VUC Holbæk afd.  ,315247,Slotshaven 5,4300,Holbæk, tlf: 59480348, e-mail:holbaek@nvsvuc.dk
Nordvestsjællands HF & VUC Kalundborg afd.  ,323247,J. Hagemann-Petersens Allé 3,4400,Kalundborg, tlf: 59480370, e-mail:kalundborg@nvsvuc.dk
Nordvestsjællands HF og VUC Asnæs  ,281676,Toftegårdsvej 51,4550,Asnæs, tlf: 59480348, e-mail:holbaek@nvsvuc.dk
Nr. Snede Fængsel  ,625247,Vejlevej 45,8766,Nørre Snede, tlf: 72555900, e-mail:Nr.Snede.faengsel@krfo.dk
Nyborg Fængsel Skolen  ,449248,Vindingevej 36,5800,Nyborg, tlf: 72552600, e-mail:nyborg.faengsel@kriminalforsorgen.dk
Randers HF & VUC  ,731248,Nålemagervej 110,8920,Randers NV, tlf: 86425644, e-mail:adm@randershfvuc.dk
Renbæk Fængsel Skolen  ,531247,Renbækvej 12,6780,Skærbæk, tlf: 72553100, e-mail:renbaek.faengsel@kriminalforsorgen.dk
Ressourcecenter Aalborg  ,281007,Skjernvej 7,9220,Aalborg Øst, tlf: 99823000, e-mail:RCA-aalborg@aalborg.dk
Sdr. Omme Fængsel  ,565248,Holdgaardsvej 142,7260,Sønder Omme, tlf: 72553500, e-mail:sdr-omme.faengsel@kriminalforsorgen.dk
Skive-Viborg HF & VUC  ,791248,Gråbrødre Kirke Str. 5,8800,Viborg, tlf: 86611700, e-mail:mail@svhfvuc.dk
Skive-Viborg HF & VUC Skive  ,779247,Hjalmar Kjems Allé 6,7800,Skive, tlf: 97521822, e-mail:mail@svhfvuc.dk
Skive-Viborg HF & VUC Viborg  ,791247,Gråbrødre Kirke Str. 5,8800,Viborg, tlf: 86611700, e-mail:mail@svhfvuc.dk
Søbysøgård Fængsel Skolen  ,497247,Søvej 27,5792,Årslev, tlf: 72553700, e-mail:soebysoegaard.faengsel@kriminalforsorgen.dk
TH. LANGS HF & VUC  ,743405,Hostrupsgade 52,8600,Silkeborg, tlf: 69127920, e-mail:adm@thlangshf-vuc.dk
Thy-Mors HF & VUC  ,787248,Munkevej 9,7700,Thisted, tlf: 70701234, e-mail:vuc@vuctm.dk
Thy-Mors HF & VUC  Hurup afd.  ,785247,Jernbanegade 21,7760,Hurup Thy, tlf: 70701234, e-mail:vuc@vuctm.dk
Thy-Mors HF & VUC  Nykøbing afd.  ,773247,Limfjordsvej 95,7900,Nykøbing M, tlf: 70701234, e-mail:vuc@vuctm.dk
Thy-Mors HF & VUC Thisted  ,787247,Munkevej 9,7700,Thisted, tlf: 70701234, e-mail:vuc@vuctm.dk
UCRS VUC Ringkøbing  ,667247,Vasevej 24,6950,Ringkøbing, tlf: 96275870, e-mail:uc@ucrs.dk
UCRS VUC Skjern  ,669247,Skolebyen 5,6900,Skjern, tlf: 96275850, e-mail:uc@ucrs.dk
Vestegnen HF & VUC  ,165247,Gymnasievej 10,2625,Vallensbæk, tlf: 45114250, e-mail:kontakt@vucv.dk
Vestegnen HF & VUC Albertslund afdeling  ,165248,Gymnasievej 10,2625,Vallensbæk, tlf: 45114250, e-mail:kontakt@vucv.dk
Vestegnen HF & VUC Rødovre afdeling  ,175248,Kirstine Pedersens Vej 2,2610,Rødovre, tlf: 45114251, e-mail:kontakt@vucv.dk
Vestre Fængsel  ,101550,Vigerslev Allé 1,2450,København SV, tlf: 72555000, e-mail:vestre.faengsel@kriminalforsorgen.dk
VUC Djursland  ,707248,Vestervej 3,8500,Grenaa, tlf: 87583300, e-mail:vd@vucdjursland.dk
VUC Djursland - Grenaa  ,707247,Vestervej 3,8500,Grenaa, tlf: 87583300, e-mail:vd@vucdjursland.dk
VUC Djursland - Hornslet  ,733247,Hematoften 1,8543,Hornslet, tlf: 87583300, e-mail:vd@vucdjursland.dk
VUC Fredericia  ,607247,Mosegårdsvej 1,7000,Fredericia, tlf: 72242092, e-mail:adm@ibc.dk
VUC Holstebro  ,661247,Vald Poulsens Vej 8,7500,Holstebro, tlf: 96275800, e-mail:vuc@holstebro-vuc.dk
VUC Holstebro-Lemvig-Struer  ,661248,Vald Poulsens Vej 8,7500,Holstebro, tlf: 96275800, e-mail:vuc@holstebro-vuc.dk
VUC Lemvig  ,665247,Romvej 32,7620,Lemvig, tlf: 97275840, e-mail:vuc@holstebro-vuc.dk
VUC Lyngby  ,173249,Nybrovej 114,2800,Kgs. Lyngby, tlf: 45114200, e-mail:vuclyngby@vuclyngby.dk
VUC Ringkøbing-Tarm  ,760247,Skolegade 15,6880,Tarm, tlf: 97371833, e-mail:vgt@vgt.dk
VUC Roskilde  ,265249,Læderstræde 4,4000,Roskilde, tlf: 46308600, e-mail:vucroskilde@vucroskilde.dk
VUC Roskilde Greve afdelingen  ,253247,Rådhusholmen 12 A,2670,Greve, tlf: 46308620, e-mail:greveafd@vucroskilde.dk
VUC Roskilde Køge afdelingen  ,259247,Gymnasievej 2,4600,Køge, tlf: 46308630, e-mail:koegeafd@vucroskilde.dk
VUC Roskilde Roskilde afdelingen  ,265247,Læderstræde 4,4000,Roskilde, tlf: 46308600, e-mail:vucroskilde@vucroskilde.dk
VUC Storstrøm  ,369248,Bispegade 1,4800,Nykøbing F, tlf: 54881700, e-mail:vuc@vucstor.dk
VUC Storstrøm - Erhverv  ,281084,Bispegade 1,4800,Nykøbing F, tlf: 54881700, e-mail:vuc@vucstor.dk
VUC Storstrøm - Fakse  ,351247,Præstøvej 5,4640,Faxe, tlf: 54881790, e-mail:vuc@vucstor.dk
VUC Storstrøm - Haslev  ,280455,Skolegade 21A,4690,Haslev, tlf: 54881790, e-mail:vuc@vucstor.dk
VUC Storstrøm - Maribo  ,363248,Museumsgade 6,4930,Maribo, tlf: 54881730, e-mail:vuc@vucstor.dk
VUC Storstrøm - Nakskov  ,367248,Søvej 6D,4900,Nakskov, tlf: 54881730, e-mail:vuc@vucstor.dk
VUC Storstrøm - Nykøbing F.  ,369247,Bispegade 5,4800,Nykøbing F, tlf: 54881700, e-mail:vuc@vucstor.dk
VUC Storstrøm - Næstved  ,373247,Teatergade 23,4700,Næstved, tlf: 54881770, e-mail:vuc@vucstor.dk
VUC Storstrøm - Vordingborg  ,397247,Næstvedvej 3,4760,Vordingborg, tlf: 54881750, e-mail:vuc@vucstor.dk
VUC Struer  ,671248,Jyllandsgade 2 A,7600,Struer, tlf: 96275820, e-mail:vuc@holstebro-vuc.dk
VUC Syd  ,545248,Lavgade 30,6200,Aabenraa, tlf: 73613333, e-mail:post@vucsyd.dk
VUC Syd - Gram  ,511247,Åvej 3A,6510,Gram, tlf: 73613333, e-mail:post@vucsyd.dk
VUC Syd - Haderslev  ,515247,Kroghs Kobbel 2,6100,Haderslev, tlf: 73613333, e-mail:post@vucsyd.dk
VUC Syd - Syd afdeling  ,280439,Lavgade 30,6200,Aabenraa, tlf: 73613333, e-mail:post@vucsyd.dk
VUC Syd - Tønder afdeling  ,541247,Plantagevej 37C,6270,Tønder, tlf: 73613333, e-mail:post@vucsyd.dk
VUC Syd - Aabenraa afdeling  ,545247,Lavgade 30,6200,Aabenraa, tlf: 73613333, e-mail:post@vucsyd.dk
VUC Syd- Sønderborg afdeling  ,537247,Løkken 1,6400,Sønderborg, tlf: 73613333, e-mail:post@vucsyd.dk
VUC Vejle Give afdeling  ,630247,Hjortsvangen 3,7323,Give, tlf: 79715000, e-mail:info@campusvejle.dk
VUC Vest  ,561248,Stormgade 47,6700,Esbjerg, tlf: 76121720, e-mail:vucvest@vucvest.dk
VUC Vest Esbjerg  ,561247,Stormgade 47,6700,Esbjerg, tlf: 76121720, e-mail:esbjerg@vucvest.dk
VUC Vest Grindsted  ,565247,Tinghusgade 20,7200,Grindsted, tlf: 76121740, e-mail:grindsted@vucvest.dk
VUC Vest Varde  ,573247,Frisvadvej 70,6800,Varde, tlf: 76121730, e-mail:varde@vucvest.dk
VUC Vest Vejen  ,575247,Baungårdsvej 2,6600,Vejen, tlf: 76121750, e-mail:vejen@vucvest.dk
VUC-Syd Haderslev 2  ,281494,Christian X's Vej 39,6100,Haderslev, tlf: 73613333, e-mail:post@vucsyd.dk
Aarhus HF & VUC  ,751247,Dalgas Avenue 2,8000,Aarhus C, tlf: 87322500, e-mail:mail@aarhushfogvuc.dk
Aarhus HF & VUC Samsø afdeling  ,741247,Tingvej 3,8305,Samsø, tlf: 86591999, e-mail:mail@aarhushfogvuc.dk
Aarhus HF & VUC Aarhus afdeling  ,751249,Dalgas Avenue 2,8000,Aarhus C, tlf: 87322500, e-mail:mail@aarhushfogvuc.dk
Professionshøjskolen VIA University College ,791413,  Hedeager 2,  8200, Aarhus N,  tlf:  87550000,  e-mail: via@via.dk
Københavns Universitet ,101582,  Nørregade 10,  1165, København K,  tlf:  35322626,  e-mail: ku@ku.dk
Johannesskolen, 147026, Troels-Lunds Vej 15, 2000, Frederiksberg, tlf:  38742066, e-mail: johannesskolen@johannesskolen.dk
Aarhus private gymnasium, 280681, Bjødstrupvej 26, 8270, Højbjerg, tlf:  28413585, e-mail: info@aapg.dk
Køge Private Realskole, 280523, Ølbycenter 50, 4600, Køge, tlf:  56636393, e-mail: kprg@koege-realskole.dk