Region,Kommune,Gruppe,Hovedområde,distance,duration
Region Syddanmark,Billund,TCT,Erhvervsfaglige uddannelser,119,85.49043333333334
Region Nordjylland,Frederikshavn,CHP,Erhvervsfaglige uddannelser,72,54.462333333333326
Region Hovedstaden,Gribskov,CHP,Erhvervsfaglige uddannelser,52,49.104850000000006
Region Hovedstaden,Halsnæs,ACB,Erhvervsfaglige uddannelser,58,50.12278333333334
Region Hovedstaden,Halsnæs,CHP,Erhvervsfaglige uddannelser,65,62.103516666666664
Region Hovedstaden,Halsnæs,FAH,Erhvervsfaglige uddannelser,58,50.12278333333334
Region Hovedstaden,Halsnæs,Hhx,Gymnasiale uddannelser,58,50.12278333333334
Region Hovedstaden,Halsnæs,Htx,Gymnasiale uddannelser,58,50.12278333333334
Region Hovedstaden,Halsnæs,TCT,Erhvervsfaglige uddannelser,58,50.12278333333334
Region Nordjylland,Hjørring,CHP,Erhvervsfaglige uddannelser,52,31.6101
Region Midtjylland,Horsens,CHP,Erhvervsfaglige uddannelser,57,43.671166666666664
Region Sjælland,Kalundborg,CHP,Erhvervsfaglige uddannelser,53,48.90938333333334
Region Sjælland,Kalundborg,FAH,Erhvervsfaglige uddannelser,61,44.63831666666667
Region Syddanmark,Langeland,CHP,Erhvervsfaglige uddannelser,63,46.26703333333333
Region Midtjylland,Lemvig,CHP,Erhvervsfaglige uddannelser,70,52.8
Region Sjælland,Lolland,FAH,Erhvervsfaglige uddannelser,143,95.22181666666668
Region Nordjylland,Læsø,CHP,Erhvervsfaglige uddannelser,401,292.47448333333335
Region Nordjylland,Mariagerfjord,FAH,Erhvervsfaglige uddannelser,50,41.7289
Region Sjælland,Odsherred,CHP,Erhvervsfaglige uddannelser,62,57.49585
Region Midtjylland,Silkeborg,CHP,Erhvervsfaglige uddannelser,51,37.07168333333333
Region Sjælland,Stevns,CHP,Erhvervsfaglige uddannelser,51,51.07715
Region Midtjylland,Struer,CHP,Erhvervsfaglige uddannelser,72,56.79226666666667
Region Nordjylland,Thisted,CHP,Erhvervsfaglige uddannelser,60,53.58978333333334
Region Syddanmark,Tønder,FAH,Erhvervsfaglige uddannelser,57,49.70071666666667
Region Syddanmark,Tønder,Htx,Gymnasiale uddannelser,70,57.46361666666667
Region Syddanmark,Tønder,TCT,Erhvervsfaglige uddannelser,70,57.46361666666667
Region Syddanmark,Vejle,Htx,Gymnasiale uddannelser,99,73.3994
Region Syddanmark,Vejle,TCT,Erhvervsfaglige uddannelser,99,71.34618333333333
Region Nordjylland,Vesthimmerlands,CHP,Erhvervsfaglige uddannelser,53,44.32411666666667
Region Sjælland,Vordingborg,ACB,Erhvervsfaglige uddannelser,65,47.92435
Region Sjælland,Vordingborg,FAH,Erhvervsfaglige uddannelser,65,47.92435
Region Sjælland,Vordingborg,Hhx,Gymnasiale uddannelser,65,47.92435
Region Syddanmark,Ærø,Hf,Gymnasiale uddannelser,66,100.51708333333332
Region Syddanmark,Ærø,Stx,Gymnasiale uddannelser,86,106.1912
Region Syddanmark,Aabenraa,ACB,Erhvervsfaglige uddannelser,62,41.92573333333333
