Region,Kommune,Gruppe,Hovedområde,distance
Region Syddanmark,Billund,TCT,Erhvervsfaglige uddannelser,119
Region Nordjylland,Frederikshavn,CHP,Erhvervsfaglige uddannelser,72
Region Hovedstaden,Gribskov,CHP,Erhvervsfaglige uddannelser,52
Region Hovedstaden,Halsnæs,ACB,Erhvervsfaglige uddannelser,58
Region Hovedstaden,Halsnæs,CHP,Erhvervsfaglige uddannelser,65
Region Hovedstaden,Halsnæs,FAH,Erhvervsfaglige uddannelser,58
Region Hovedstaden,Halsnæs,Hhx,Gymnasiale uddannelser,58
Region Hovedstaden,Halsnæs,Htx,Gymnasiale uddannelser,58
Region Hovedstaden,Halsnæs,TCT,Erhvervsfaglige uddannelser,58
Region Nordjylland,Hjørring,CHP,Erhvervsfaglige uddannelser,52
Region Midtjylland,Horsens,CHP,Erhvervsfaglige uddannelser,57
Region Sjælland,Kalundborg,CHP,Erhvervsfaglige uddannelser,53
Region Sjælland,Kalundborg,FAH,Erhvervsfaglige uddannelser,61
Region Syddanmark,Langeland,CHP,Erhvervsfaglige uddannelser,63
Region Midtjylland,Lemvig,CHP,Erhvervsfaglige uddannelser,70
Region Sjælland,Lolland,FAH,Erhvervsfaglige uddannelser,143
Region Nordjylland,Læsø,CHP,Erhvervsfaglige uddannelser,401
Region Nordjylland,Mariagerfjord,FAH,Erhvervsfaglige uddannelser,50
Region Sjælland,Odsherred,CHP,Erhvervsfaglige uddannelser,62
Region Midtjylland,Silkeborg,CHP,Erhvervsfaglige uddannelser,51
Region Sjælland,Stevns,CHP,Erhvervsfaglige uddannelser,51
Region Midtjylland,Struer,CHP,Erhvervsfaglige uddannelser,72
Region Nordjylland,Thisted,CHP,Erhvervsfaglige uddannelser,60
Region Syddanmark,Tønder,FAH,Erhvervsfaglige uddannelser,57
Region Syddanmark,Tønder,Htx,Gymnasiale uddannelser,70
Region Syddanmark,Tønder,TCT,Erhvervsfaglige uddannelser,70
Region Syddanmark,Vejle,Htx,Gymnasiale uddannelser,99
Region Syddanmark,Vejle,TCT,Erhvervsfaglige uddannelser,99
Region Nordjylland,Vesthimmerlands,CHP,Erhvervsfaglige uddannelser,53
Region Sjælland,Vordingborg,ACB,Erhvervsfaglige uddannelser,65
Region Sjælland,Vordingborg,FAH,Erhvervsfaglige uddannelser,65
Region Sjælland,Vordingborg,Hhx,Gymnasiale uddannelser,65
Region Syddanmark,Ærø,Hf,Gymnasiale uddannelser,66
Region Syddanmark,Ærø,Stx,Gymnasiale uddannelser,86
Region Syddanmark,Aabenraa,ACB,Erhvervsfaglige uddannelser,62
