﻿Institution,Institutionsnummer,Adresse,By,Telefonnummer,Email
Allikelund Gymnasium ,323401,  J. Hagemann-Petersens Allé 22,  4400 Kalundborg,  tlf: 7229 0100,  e-mail: eucnvs@eucnvs.dk
AMU Fyn Petersmindevej ,281537,  Petersmindevej 50,  5000 Odense C,  tlf: 6613 6670,  e-mail: amu-fyn@amu-fyn.dk
AMU Fyn C.F. Tietgens Boulevard ,281538,  C.F. Tietgens Boulevard 27 Fraugde,  5220 Odense SØ,  tlf: 6613 6670,  e-mail: amu-fyn@amu-fyn.dk
AMU Nordjylland ,851420,  Sofievej 61,  9000 Aalborg,  tlf: 9633 2211,  e-mail: aalborg@amunordjylland.dk
AMU Nordjylland Sandmoseskolen ,803401,  Sandmosevej 486,  9460 Brovst,  tlf: 9633 2626,  e-mail: sandmosen@amunordjylland.dk
AMU Nordjylland Aalborg ,281515,  Sofievej 61,  9000 Aalborg,  tlf: 9633 2211,  e-mail: aalborg@amunordjylland.dk
AMU SYD ,621407,  C.F. Tietgens Vej 6,  6000 Kolding,  tlf: 7637 3737,  e-mail: info@amusyd.dk
AMU SYD Kolding ,621410,  C.F. Tietgensvej 6,  6000 Kolding,  tlf: 7637 3737,  e-mail: info@amusyd.dk
AMU SYD Ribe ,571404,  Snepsgårdevej 20,  6760 Ribe,  tlf: 7637 3737,  e-mail: info@amusyd.dk
AMU-Fyn ,461420,  Petersmindevej 50,  5000 Odense C,  tlf: 6613 6670,  e-mail: amu-fyn@amu-fyn.dk
AMU-Vest ,561413,  Spangsbjerg Møllevej 304,  6705 Esbjerg Ø,  tlf: 7914 0322,  e-mail: inst@amu-vest.dk
Asmildkloster Landbrugsskole ,791300,  Asmildklostervej 1,  8800 Viborg,  tlf: 8667 3222,  e-mail: asmildkloster@asmildkloster.dk
Bornholms Sundheds- og Sygeplejeskole ,400405,  Minervavej 1,  3700 Rønne,  tlf: 3698 2900,  e-mail: bhsund@bhsund.dk
Business College Syd ,537411,  Sdr. Landevej 30,  6400 Sønderborg,  tlf: 7342 5525,  e-mail: bcsyd@bcsyd.dk
Business College Syd - Mommark Handelskostskole ,535401,  Mommarkvej 372,  6470 Sydals,  tlf: 7342 5525,  e-mail: bcsyd@bcsyd.dk
Business College Syd - Sønderborg Handelsskole ,537402,  Sdr. Landevej 30,  6400 Sønderborg,  tlf: 7342 5525,  e-mail: bcsyd@bcsyd.dk
Bygholm Landbrugsskole ,615300,  Hattingvej 49,  8700 Horsens,  tlf: 7562 1799,  e-mail: info@bygholm.dk
Campus Bornholm ,400408,  Minervavej 1,  3700 Rønne,  tlf: 5695 9700,  e-mail: post@cabh.dk
Campus Bornholm - HHX og Merkantile EUD ,400402,  Minervavej 1,  3700 Rønne,  tlf: 5695 9700,  e-mail: post@cabh.dk
Campus Bornholm - HTX og Tekniske EUD ,400401,  Minervavej 1,  3700 Rønne,  tlf: 5695 9700,  e-mail: post@cabh.dk
Campus Bornholm - Voksen- og Efteruddannelse ,400411,  Minervavej 1,  3700 Rønne,  tlf: 5695 9700,  e-mail: post@cabh.dk
Campus Vejle ,631402,  Boulevarden 48,  7100 Vejle,  tlf: 7216 2616,  e-mail: info@campusvejle.dk
Campus Vejle EUD/EUX ,281299,  Boulevarden 48,  7100 Vejle,  tlf: 7216 2616,  e-mail: info@campusvejle.dk
Campus Vejle HHX ,281282,  Boulevarden 48,  7100 Vejle,  tlf: 7216 2616,  e-mail: info@campusvejle.dk
Campus Vejle praktikcenter ,281301,  Boulevarden 48,  7100 Vejle,  tlf: 7216 2616,  e-mail: info@campusvejle.dk
Campus Vejle Åben Læringscenter ,281300,  Boulevarden 48,  7100 Vejle,  tlf: 7216 2616,  e-mail: info@campusvejle.dk
CELF - Center for erhv.rettede udd. Lolland-Falster ,376402,  Kringelborg Allé 7,  4800 Nykøbing F,  tlf: 5488 8888,  e-mail: celf@celf.dk
CELF Merkurs Plads Merkantil ,369402,  Merkurs Plads 1,  4800 Nykøbing F,  tlf: 5488 8888,  e-mail: celf@celf.dk
CELF Merkurs Plads Teknik ,281400,  Merkurs Plads 1,  4800 Nykøbing F,  tlf: 5488 8888,  e-mail: celf@celf.dk
CELF Nakskov ,367402,  Søvej 6,  4900 Nakskov,  tlf: 5488 8888,  e-mail: celf@celf.dk
CELF Maribo ,367404,  C. E. Christiansens Vej 12,  4930 Maribo,  tlf: 5488 8888,  e-mail: celf@celf.dk
CELF Nykøbing F. Kringelborg Allé ,369410,  Kringelborg Allé 7,  4800 Nykøbing F,  tlf: 5488 8888,  e-mail: celf@celf.dk
College360 ,280951,  Bredhøjvej 8,  8600 Silkeborg,  tlf: 7536 0360,  e-mail: info@college360.dk
College360 - Bindslev Plads 1 ,743402,  Bindslevs Plads 1 postbox 34,  8600 Silkeborg,  tlf: 7536 0360,  e-mail: info@college360.dk
College360 - Bredhøjvej 8 ,743401,  Bredhøjvej 8,  8600 Silkeborg,  tlf: 7536 0360,  e-mail: info@college360.dk
Dalum Landbrugsskole ,461301,  Landbrugsvej 65,  5260 Odense S,  tlf: 6613 2130,  e-mail: dalumls@dalumls.dk
Dalum Landbrugsskole Afd. Korinth ,431302,  Spanget 7,  5600 Faaborg,  tlf: 6613 2130,  e-mail: dalumls@dalumls.dk
Dalum Landbrugsskole afd. Odense S ,461307,  Landbrugsvej 65,  5260 Odense S,  tlf: 6613 2130,  e-mail: dalumls@dalumls.dk
Den jydske Haandværkerskole ,709401,  Ellemosevej 25,  8370 Hadsten,  tlf: 8937 0100,  e-mail: djh@djhhadsten.dk
Erhvervsakademiet København Nord ,173408,  Trongårdsvej 44,  2800 Kgs. Lyngby,  tlf: 8852 6600,  e-mail: info@unord.dk
Erhvervsgymnasiet Grindsted ,565401,  Tinghusgade 22,  7200 Grindsted,  tlf: 7532 1300,  e-mail: box@eggrindsted.dk
Erhvervsskolen Nordsjælland ,219411,  Milnersvej 48,  3400 Hillerød,  tlf: 4829 0000,  e-mail: info@unord.dk
Erhvervsskolen Nordsjælland - Frederiksværk ,260400,  Industrivej 29,  3300 Frederiksværk,  tlf: 4829 0000,  e-mail: info@unord.dk
EUC Lillebælt ,607405,  Teknikervej 2,  7000 Fredericia,  tlf: 7920 1111,  e-mail: info@eucl.dk
EUC Nord ,821409,  M. P. Koefoeds Vej 10,  9800 Hjørring,  tlf: 7224 6000,  e-mail: info@eucnord.dk
EUC Nord Hestkærvej ,821402,  Hestkærvej 30,  9800 Hjørring,  tlf: 7224 6000,  e-mail: info@eucnord.dk
EUC Nord Hånbækvej ,813401,  Hånbækvej 50,  9900 Frederikshavn,  tlf: 7224 6000,  e-mail: info@eucnord.dk
EUC Nord Knivholtvej ,813414,  Knivholtvej 18,  9900 Frederikshavn,  tlf: 7224 6000,  e-mail: info@eucnord.dk
EUC Nord M.P. Koefoeds Vej ,821413,  M.P. Koefoeds Vej 10,  9800 Hjørring,  tlf: 7224 6000,  e-mail: info@eucnord.dk
EUC Nordvest ,787410,  Kronborgvej 119,  7700 Thisted,  tlf: 9919 1919,  e-mail: euc@eucnordvest.dk
EUC Nordvest - Bjørnevej Thisted ,281413,  Bjørnevej 9,  7700 Thisted,  tlf: 9919 1919,  e-mail: euc@eucnordvest.dk
EUC Nordvest - Kronborgvej Thisted ,787408,  Kronborgvej 119,  7700 Thisted,  tlf: 9919 1919,  e-mail: euc@eucnordvest.dk
EUC Nordvest - Nordic Food College ,773303,  Mosegårdsvej 10,  7900 Nykøbing M,  tlf: 9919 1919,  e-mail: euc@eucnordvest.dk
EUC Nordvest - Nykøbing Mors Handelsgymnasium ,773401,  Limfjordsvej 95,  7900 Nykøbing M,  tlf: 9919 1919,  e-mail: euc@eucnordvest.dk
EUC Nordvest - Teknisk Gymnasium ,281637,  Lerpyttervej,  7700 Thisted,  tlf: 9919 1919,  e-mail: euc@eucnordvest.dk
EUC Nordvest - Thisted Handelsgymnasium ,787407,  Lerpyttervej 52,  7700 Thisted,  tlf: 9919 1919,  e-mail: euc@eucnordvest.dk
EUC Nordvest- Fjerritslev Handelsgymnasium ,280101,  Skovbrynet 9,  9690 Fjerritslev,  tlf: 9919 1919,  e-mail: euc@eucnordvest.dk
EUC Nordvest Fiskeriskolen ,673402,  Ærøvej 9,  7680 Thyborøn,  tlf: 9919 1919,  e-mail: euc@eucnordvest.dk
EUC Nordvest Fjerritslev ,280968,  Østergade 11,  9690 Fjerritslev,  tlf: 9919 1919,  e-mail: euc@eucnordvest.dk
EUC Nordvest Thyborøn ,280967,  Ærøvej 9,  7680 Thyborøn,  tlf: 9919 1919,  e-mail: euc@eucnordvest.dk
EUC Nordvestsjælland Absalonsvej 14 ,281599,  Absalonsvej 14,  4300 Holbæk,  tlf: 7229 0100,  e-mail: eucnvs@eucnvs.dk
EUC Nordvestsjælland Audebo ,315406,  Audebo Skolevej 6 B,  4300 Holbæk,  tlf: 7229 0100,  e-mail: eucnvs@eucnvs.dk
EUC Nordvestsjælland Fårevejle ,280902,  Rådhusvej 75,  4540 Fårevejle,  tlf: 7229 0100,  e-mail: eucnvs@eucnvs.dk
EUC Sjælland ,373401,  Jagtvej 2,  4700 Næstved,  tlf: 5575 3300,  e-mail: eucsj@eucsj.dk
EUC Sjælland Greve ,280870,  Rådhusholmen 3,  2670 Greve,  tlf: 5575 3300,  e-mail: eucsj@eucsj.dk
EUC Sjælland Haslev afdeling ,313401,  Skolegade 21A,  4690 Haslev,  tlf: 5575 3300,  e-mail: eucsj@eucsj.dk
EUC Sjælland Krondrevet ,281425,  Krondrevet 1A,  4760 Vordingborg,  tlf: 5575 3300,  e-mail: eucsj@eucsj.dk
EUC Sjælland Køge Afdeling ,259403,  Campusbuen 31,  4600 Køge,  tlf: 5575 3300,  e-mail: eucsj@eucsj.dk
EUC Sjælland Næstved - Jagtvej ,373408,  Jagtvej 2,  4700 Næstved,  tlf: 5575 3300,  e-mail: eucsj@eucsj.dk
EUC Sjælland Næstved - Malervænget ,373404,  Malervænget 4,  4700 Næstved,  tlf: 5575 3300,  e-mail: eucsj@eucsj.dk
EUC Sjælland Vordingborg ,280915,  Parkvej 11,  4760 Vordingborg,  tlf: 5575 3300,  e-mail: eucsj@eucsj.dk
EUC Syd ,537401,  Hilmar Finsens Gade 18,  6400 Sønderborg,  tlf: 7412 4242,  e-mail: eucsyd@eucsyd.dk
EUC Syd Christen Kolds Vej ,515401,  Christen Kolds Vej 20,  6100 Haderslev,  tlf: 7412 4242,  e-mail: eucsyd@eucsyd.dk
EUC Syd Hilmar Finsens Gade ,281455,  Hilmar Finsens Gade 18,  6400 Sønderborg,  tlf: 7412 4242,  e-mail: eucsyd@eucsyd.dk
EUC Syd Lundsbjerg ,281456,  Lundsbjerg Industrivej 50,  6200 Aabenraa,  tlf: 7412 4242,  e-mail: eucsyd@eucsyd.dk
EUC Syd Stegholt ,545401,  Stegholt 36,  6200 Aabenraa,  tlf: 7412 4242,  e-mail: eucsyd@eucsyd.dk
EUC Syd Syd Plantagevej ,541401,  Plantagevej 35,  6270 Tønder,  tlf: 7412 4242,  e-mail: eucsyd@eucsyd.dk
EUD/EUX Skanderborg ,281631,  Højvangens Torv 2,  8660 Skanderborg,  tlf: 8793 3020,  e-mail: info@scu.dk
Fodterapeutskolen ,101424,  Titangade 13A,  2200 København N,  tlf: 4630 0400,  e-mail: rts@rts.dk
Frederikshavn Handelsskole ,813402,  Kirkegade 9,  9900 Frederikshavn,  tlf: 9620 5500,  e-mail: adm@fhavnhs.dk
Grindsted Landbrugsskole ,565301,  Tronsø Parkvej 40,  7200 Grindsted,  tlf: 7532 0722,  e-mail: grindls@grindls.dk
Gråsten Landbrugsskole ,513301,  Fiskbækvej 15,  6300 Gråsten,  tlf: 7465 1024,  e-mail: gl@gl.dk
H.C. Ørsted Gymnasiet Ballerup ,280969,  Telegrafvej 9,  2750 Ballerup,  tlf: 3817 7000,  e-mail: tec@tec.dk
H.C. Ørsted Gymnasiet Frederiksberg ,147430,  Stæhr Johansens Vej 7,  2000 Frederiksberg,  tlf: 3817 7000,  e-mail: tec@tec.dk
H.C. Ørsted Gymnasiet Lyngby ,173401,  Paul Fennebergs 20,  2800 Kgs. Lyngby,  tlf: 3817 7000,  e-mail: tec@tec.dk
Haderslev Handelsskole ,515402,  Kroghs Kobbel 2,  6100 Haderslev,  tlf: 7452 1250,  e-mail: info@hhs.dk
Handelsgymnasiet Vestfyn ,421401,  Langbygårdsvej 6,  5620 Glamsbjerg,  tlf: 6471 1622,  e-mail: vestfyns@vestfyns.dk
HANSENBERG ,621401,  Skovvangen 28,  6000 Kolding,  tlf: 7932 0100,  e-mail: hansenberg@hansenberg.dk
Herningsholm Erhvervsgymnasium HHX Herning ,657415,  Lillelundvej 21 Bygning 1,  7400 Herning,  tlf: 7213 4500,  e-mail: mail@herningsholm.dk
Herningsholm Erhvervsgymnasium HHX Ikast ,663401,  Bøgildvej 12,  7430 Ikast,  tlf: 7213 4500,  e-mail: mail@herningsholm.dk
Herningsholm Erhvervsgymnasium HTX Herning ,657402,  Lillelundvej 21,  7400 Herning,  tlf: 7213 4500,  e-mail: mail@herningsholm.dk
Herningsholm Erhvervsskole og Gymnasier ,657401,  Lillelundvej 21,  7400 Herning,  tlf: 7213 4500,  e-mail: mail@herningsholm.dk
Herningsholm Erhvervsskole og Gymnasier ,281009,  Lillelundvej 21,  7400 Herning,  tlf: 7213 4500,  e-mail: mail@herningsholm.dk
Herningsholm Erhvervsskole og Gymnasier EUD/EUX Ikast ,281410,  Kongevejen 66,  7430 Ikast,  tlf: 7213 4500,  e-mail: mail@herningsholm.dk
Herningsholm Erhvervsskole EUD/EUX Business Ikast ,663403,  Bøgildvej 12,  7430 Ikast,  tlf: 7213 4500,  e-mail: mail@herningsholm.dk
Herningsholm Erhvervsskole Agroskolen Hammerum ,657303,  Hammerum Hovedgade 7,  7400 Herning,  tlf: 9711 6053,  e-mail: agroskolen@agroskolen.dk
Herningsholm Erhvervsskole Erhvervsuddannelser ,657416,  Lillelundvej 21,  7400 Herning,  tlf: 7213 4500,  e-mail: mail@herningsholm.dk
Herningsholm Erhvervsskole EUD/EUX Business Herning ,657417,  Tingvej 45,  7400 Herning,  tlf: 7213 4500,  e-mail: mail@herningsholm.dk
HHX Skanderborg ,746401,  Højvangens Torv 2,  8660 Skanderborg,  tlf: 8793 3020,  e-mail: info@scu.dk
Himmerlands Erhvervs- og Gymnasieuddannelser ,861403,  Østre Boulevard 10,  9600 Aars,  tlf: 9698 1000,  e-mail: heg@heguddannelser.dk
Himmerlands Erhvervs- og Gymnasieuddannelser Bornholmsvej ,281629,  Bornholmsvej 3A,  9500 Hobro,  tlf: 9698 1000,  e-mail: heg@heguddannelser.dk
Himmerlands Erhvervs- og Gymnasieuddannelser Hobro afdeling ,281383,  Kirketoften 7,  9500 Hobro,  tlf: 9698 1000,  e-mail: heg@heguddannelser.dk
Himmerlands Erhvervs- og Gymnasieuddannelser Aars afdeling ,281382,  Østre Boulevard 10,  9600 Aars,  tlf: 9698 1000,  e-mail: heg@heguddannelser.dk
Hotel- og Restaurantskolen ,101403,  Vigerslev alle 18,  2500 Valby,  tlf: 3386 2200,  e-mail: hrs@hrs.dk
Hotel- og Restaurantskolen ,101578,  Vigerslev Alle 18,  2500 Valby,  tlf: 3386 2200,  e-mail: hrs@hrs.dk
HTX Gastro Science ,280713,  Vigerslev Allé 18,  2500 Valby,  tlf: 3386 2200,  e-mail: hrs@hrs.dk
HTX Roskilde ,280428,  Pulsen 4,  4000 Roskilde,  tlf: 4630 0400,  e-mail: rts@rts.dk
Håndværker-Skolehjemmet i København ,101571,  Bispebjerg Parkalle 12,  2400 København NV,  tlf: 3956 3444,  e-mail: hskhjem@hskhjem.dk
IBC International Business College ,621402,  Tvedvej 7,  6000 Kolding,  tlf: 7224 1600,  e-mail: ibc@ibc.dk
IBC International Business College Fredericia ,607402,  Mosegårdsvej 1,  7000 Fredericia,  tlf: 7224 1600,  e-mail: ibc@ibc.dk
IBC International Business College Kolding ,621409,  Tvedvej 7,  6000 Kolding,  tlf: 7224 1600,  e-mail: ibc@ibc.dk
IBC International Business College Aabenraa ,545402,  Dronning Margrethesvej 6,  6200 Aabenraa,  tlf: 7224 1600,  e-mail: ibc@ibc.dk
IBC International Business College Innovationsfabrikken ,281458,  Birkemosevej 1,  6000 Kolding,  tlf: 7224 1600,  e-mail: ibc@ibc.dk
Jordbrugets UddannelsesCenter Århus ,751398,  Damgårds Allé 5,  8330 Beder,  tlf: 8747 5700,  e-mail: ju@ju.dk
Jordbrugets UddannelsesCenter Beder ,751397,  Damgårds Allé 5,  8330 Beder,  tlf: 8747 5700,  e-mail: ju@ju.dk
Jordbrugets UddannelsesCenter Bredballegård ,280693,  Nymarksvej 65,  8320 Mårslet,  tlf: 8747 5700,  e-mail: ju@ju.dk
Kjærgård Landbrugsskole ,557302,  Kjærgårdvej 31,  6740 Bramming,  tlf: 7517 2900,  e-mail: kjls@kjls.dk
Kold College ,461305,  Landbrugsvej 55,  5260 Odense S,  tlf: 6313 2043,  e-mail: koldcollege@koldcollege.dk
Kold College Bjørnemosevej (EUD ,281625,  Bjørnemosevej 190,  5260 Odense S,  tlf: 6313 2043,  e-mail: koldcollege@koldcollege.dk
Kold College Landbrugsvej (EUD) ,281626,  Landbrugsvej 55,  5260 Odense S,  tlf: 6313 2043,  e-mail: koldcollege@koldcollege.dk
Kold Tekniske Gymnasium ,280987,  Landbrugsvej 55,  5260 Odense S,  tlf: 6313 2043,  e-mail: koldcollege@koldcollege.dk
Køge Handelsskole ,259401,  Uddannelsesvej 20,  4600 Køge,  tlf: 5667 0400,  e-mail: khs@khs.dk
Learnmark Business ,280671,  Strandpromenaden 4C,  8700 Horsens,  tlf: 8816 3600,  e-mail: info@learnmark.dk
Learnmark Erhverv ,615413,  Vejlevej 150,  8700 Horsens,  tlf: 8816 3600,  e-mail: info@learnmark.dk
Learnmark Gymnasium HHX/HTX ,791421,  Stadionsvej 2,  8700 Horsens,  tlf: 8816 3600,  e-mail: info@learnmark.dk
Learnmark Horsens ,615402,  Stadionsvej 2,  8700 Horsens,  tlf: 8816 3600,  e-mail: info@learnmark.dk
Learnmark Tech ,791416,  Vejlevej 150,  8700 Horsens,  tlf: 8816 3600,  e-mail: info@learnmark.dk
Lemvig Gymnasium  EUX og EUD ,665401,  Romvej 30,  7620 Lemvig,  tlf: 9782 3822,  e-mail: gym@lemvig-gym.dk
Mercantec ,281398,  H.C. Andersens Vej 9,  8800 Viborg,  tlf: 8950 3300,  e-mail: mercantec@mercantec.dk
Mercantec AMU Hoverdal ,681401,  Hoverdalvej 14,  6971 Spjald,  tlf: 9734 8011,  e-mail: mercantec@mercantec.dk
Mercantec Banegårds Alle ,791402,  Banegårds Alle 1,  8800 Viborg,  tlf: 8950 3300,  e-mail: mercantec@mercantec.dk
Mercantec Bjerringbro afdeling ,761400,  Baldersvej 10,  8850 Bjerringbro,  tlf: 8950 3300,  e-mail: mercantec@mercantec.dk
Mercantec HCA afdeling ,791410,  H.C. Andersens Vej 9,  8800 Viborg,  tlf: 8950 3300,  e-mail: mercantec@mercantec.dk
Mercantec Håndværkervej afdeling ,791406,  Håndværkervej 9,  8800 Viborg,  tlf: 8950 3300,  e-mail: mercantec@mercantec.dk
Mercantec Skive afdeling ,779408,  H. C. Ørstedsvej 3,  7800 Skive,  tlf: 8950 3300,  e-mail: mercantec@mercantec.dk
Mercantec Ulfborg afdeling ,679404,  Lystlundvej 8,  6990 Ulfborg,  tlf: 8950 3300,  e-mail: mercantec@mercantec.dk
NEXT - Københavns Mediegymnasium ,147425,  Julius Thomsens Gade 5,  1974 Frederiksberg C,  tlf: 3388 0000,  e-mail: next@nextkbh.dk
NEXT - Sukkertoppen Gymnasium ,101495,  Carl Jacobsens Vej 25,  2500 Valby,  tlf: 3388 0000,  e-mail: next@nextkbh.dk
NEXT - Sydkysten gymnasium (hhx/htx) ,183403,  Vejlebrovej 65,  2635 Ishøj,  tlf: 3388 0000,  e-mail: next@nextkbh.dk
NEXT - Vestskoven Gymnasium (htx/hhx) ,280601,  Liljens Kvt 6,  2620 Albertslund,  tlf: 3388 0000,  e-mail: next@nextkbh.dk
NEXT - Vibenshus Gymnasium ,101588,  Jagtvej 163,  2100 København Ø,  tlf: 3388 0000,  e-mail: next@nextkbh.dk
NEXT- Baltorp Business Gymnasium ,151411,  Baltorpvej 20A,  2750 Ballerup,  tlf: 3388 0000,  e-mail: next@nextkbh.dk
NEXT Uddannelse København ,101401,  Carl Jacobsens Vej 25,  2500 Valby,  tlf: 3388 0000,  e-mail: next@nextkbh.dk
NEXT UDDANNELSE KØBENHAVN ,280727,  Carl Jacobsens Vej 25,  2500 Valby,  tlf: 3388 0000,  e-mail: next@nextkbh.dk
NEXT Uddannelse København Ballerup ,151406,  Baltorpvej 20A,  2750 Ballerup,  tlf: 3388 0000,  e-mail: next@nextkbh.dk
NEXT Uddannelse København Emdrup ,101587,  Tuborgvej 177,  2400 København NV,  tlf: 3388 0000,  e-mail: next@nextkbh.dk
NEXT Uddannelse København Frederiksberg ,281662,  Julius Thomsens Gade 5,  1974 Frederiksberg C,  tlf: 3388 0000,  e-mail: next@nextkbh.dk
NEXT Uddannelse København Glostrup ,165404,  Fabriksparken 31,  2600 Glostrup,  tlf: 3388 0000,  e-mail: next@nextkbh.dk
NEXT Uddannelse København Herlev ,101574,  Marielundvej 44,  2730 Herlev,  tlf: 3388 0000,  e-mail: next@nextkbh.dk
NEXT Uddannelse København Ishøj ,169405,  Vejlebrovej 65,  2635 Ishøj,  tlf: 3388 0000,  e-mail: next@nextkbh.dk
NEXT Uddannelse København Ishøj ,183407,  Vejlebrovej 65,  2635 Ishøj,  tlf: 3388 0000,  e-mail: next@nextkbh.dk
NEXT Uddannelse København Nørrebro ,101554,  Rebslagervej 11,  2400 København NV,  tlf: 3388 0000,  e-mail: next@nextkbh.dk
NEXT Uddannelse København Rentemestervej ,101402,  Rentemestervej 17,  2400 København NV,  tlf: 3388 0000,  e-mail: next@nextkbh.dk
NEXT Uddannelse København Rødovre ,175404,  Tæbyvej 65,  2610 Rødovre,  tlf: 3388 0000,  e-mail: next@nextkbh.dk
Niels Brock - 2-årig HHX ,280896,  Nørre Voldgade 34,  1358 København K,  tlf: 3341 9100,  e-mail: thorvald@brock.dk
Niels Brock (Copenhagen Business College) ,101497,  Nørre Voldgade 34,  1358 København K,  tlf: 3341 9100,  e-mail: brock@brock.dk
Niels Brock Det Internationale Gymnasium ,280798,  Linnésgade 2,  1361 København K,  tlf: 3341 9100,  e-mail: dighhx@brock.dk
Niels Brock Erhvervsuddannelserne (EUD/EUX) ,101626,  Nørre Voldgade 30-32,  1358 København K,  tlf: 3341 9100,  e-mail: eudeux@brock.dk
Niels Brock Erhvervsuddannelserne EUD/EUS ,281214,  Bispetorvet 1,  1167 København K,  tlf: 3341 9100,  e-mail: online@brock.dk
Niels Brock erhvervsuddannelserne Hovedforløbet ,281529,  H.C. Andersens Boulevard 2,  1553 København V,  tlf: 3341 9100,  e-mail: brock@brock.dk
Niels Brock GSK og enkeltfag ,280913,  Nørre Voldgade 28,  1358 København K,  tlf: 3341 9100,  e-mail: gsk_enkeltfag@brock.dk
Niels Brock Handelsgymnasiet JTP ,147408,  Julius Thomsens Plads 6,  1925 Frederiksberg C,  tlf: 3341 9100,  e-mail: julius@brock.dk
Niels Brock Handelsgymnasiet Nørre Voldgade ,280687,  Nørre Voldgade 34,  1358 København K,  tlf: 3341 9100,  e-mail: thorvald@brock.dk
Niels Brock kursusafdeling ,281213,  H.C. Andersens Boulevard 2,  1553 København V,  tlf: 3341 9100,  e-mail: brock@brock.dk
Niels Brocks Innovationsgymnasium ,101558,  Julius Thomsens Plads 10,  1925 Frederiksberg C,  tlf: 3341 9100,  e-mail: julius@brock.dk
Nordjyllands Landbrugsskole ,831401,  Halkærvej 3,  9240 Nibe,  tlf: 9835 1800,  e-mail: njylls@njylls.dk
Nordvestsjællands Erhvervs- og Gymnasieuddannelser ,315401,  Absalonsvej 20,  4300 Holbæk,  tlf: 7229 0100,  e-mail: eucnvs@eucnvs.dk
Nordvestsjællands Erhvervs- og Gymnasieuddannelser ,315412,  Absalonsvej 20,  4300 Holbæk,  tlf: 7229 0100,  e-mail: eucnvs@eucnvs.dk
Nyborg Gymnasium Skolebakken 13 ,449401,  Skolebakken 13,  5800 Nyborg,  tlf: 6531 0217,  e-mail: post@nyborg-gym.dk
Odense Tekniske Gymnasium ,461445,  Munkebjergvej 130,  5230 Odense M,  tlf: 7010 9900,  e-mail: sde@sde.dk
Processkolen ,323404,  Rynkevangen 7,  4400 Kalundborg,  tlf: 7229 0100,  e-mail: eucnvs@eucnvs.dk
Randers Social- og Sundhedsskole ,731409,  Minervavej 47,  8960 Randers SØ,  tlf: 8641 6900,  e-mail: info@sosuranders.dk
Randers Social- og Sundhedsskole Djursland afd. ,707409,  Ydesvej 1,  8500 Grenaa,  tlf: 8641 6900,  e-mail: info@sosuranders.dk
Randers Social- og Sundhedsskole Randers afd. ,730417,  Minervavej 47,  8960 Randers SØ,  tlf: 8641 6900,  e-mail: info@sosuranders.dk
Ribe Katedralskole egym ,571401,  Puggaardsgade 22,  6760 Ribe,  tlf: 7688 2100,  e-mail: rk@ribekatedralskole.dk
Roskilde Handelsskole ,265403,  Bakkesvinget 67,  4000 Roskilde,  tlf: 8852 3200,  e-mail: rhs@rhs.dk
Roskilde Tekniske Skole ,265416,  Pulsen 10 postbox 132,  4000 Roskilde,  tlf: 4630 0400,  e-mail: rts@rts.dk
Roskilde Tekniske Skole - Industrivej 51 ,265425,  Industrivej 51E,  4000 Roskilde,  tlf: 4630 0400,  e-mail: rts@rts.dk
Roskilde Tekniske Skole - Landbrugsskolen Sjælland - Ledreborg Allé ,265301,  Ledreborg Allé 50,  4000 Roskilde,  tlf: 4630 0400,  e-mail: rts@rts.dk
Roskilde Tekniske Skole - Pulsen ,265401,  Pulsen 2,  4000 Roskilde,  tlf: 4630 0400,  e-mail: rts@rts.dk
Roskilde Tekniske Skole - Pulsen 8 ,280427,  Pulsen 8,  4000 Roskilde,  tlf: 4630 0400,  e-mail: rts@rts.dk
Roskilde Tekniske Skole - Rådhusholmen ,281358,  Rådhusholmen 3,  2670 Greve,  tlf: 4630 0400,  e-mail: rts@rts.dk
Roskilde Tekniske Skole - Titangade ,280903,  Titangade 13b,  2200 København N,  tlf: 4630 0400,  e-mail: rts@rts.dk
Roskilde Tekniske Skole - Vigerslev Allé ,280528,  Vigerslev Allé 18,  2500 Valby,  tlf: 4630 0400,  e-mail: rts@rts.dk
Roskilde Tekniske Skole - Vilvorde ,265426,  Køgevej 131,  4000 Roskilde,  tlf: 4630 0400,  e-mail: rts@rts.dk
Roskilde Tekniske Skole -Allikelund ,280895,  J Hagemann-Petersens Alle 22,  4400 Kalundborg,  tlf: 4630 0400,  e-mail: rts@rts.dk
Roskilde Tekniske Skole Landbrugsskolen Sjælland - Høng ,319301,  Finderupvej 8,  4270 Høng,  tlf: 4630 0400,  e-mail: rts@rts.dk
Roskilde Tekniske Skole Søndre Mellemvej ,265423,  Søndre Mellemvej 4,  4000 Roskilde,  tlf: 4630 0400,  e-mail: rts@rts.dk
Roskilde Tekniske Skole/Vrange Skov ,280868,  Haraldstedvej 130,  4100 Ringsted,  tlf: 4630 0400,  e-mail: rts@rts.dk
Rybners ,280560,  Spangsbjerg Møllevej 72,  6700 Esbjerg,  tlf: 7913 4511,  e-mail: info@rybners.dk
Rybners - EUD - Satellitskole Varde ,280966,  Frisvadvej 70,  6800 Varde,  tlf: 7913 4511,  e-mail: info@rybners.dk
Rybners - EUD - Spangsbjerg Møllevej ,561401,  Spangsbjerg Møllevej 72,  6700 Esbjerg,  tlf: 7913 4511,  e-mail: info@rybners.dk
Rybners - HF - Spangsbjerg Møllevej ,281015,  Spangsbjerg Møllevej 72,  6700 Esbjerg,  tlf: 7913 4511,  e-mail: info@rybners.dk
Rybners - HHX - Grådybet ,561402,  Grådybet 73G,  6700 Esbjerg,  tlf: 7613 3333,  e-mail: info@rybners.dk
Rybners - HTX - Spangsbjerg Møllevej ,281014,  Spangsbjerg Møllevej 72,  6700 Esbjerg,  tlf: 7913 4511,  e-mail: info@rybners.dk
Rybners - Merkantilt EUX - Spangsbjerg Møllevej ,281017,  Spangsbjerg Møllevej 72,  6700 Esbjerg,  tlf: 7913 4511,  e-mail: info@rybners.dk
Rybners - Teknisk EUX - Spangsbjerg Møllevej ,281016,  Spangsbjerg Møllevej 72,  6700 Esbjerg,  tlf: 7913 4511,  e-mail: info@rybners.dk
Skanderborg-Odder Center for Uddannelse ,745401,  Højvangens Torv 2,  8660 Skanderborg,  tlf: 8793 3020,  e-mail: info@scu.dk
Skive College ,280942,  Kongsvingervej 1,  7800 Skive,  tlf: 9914 1414,  e-mail: skivecollege@skivecollege.dk
Skive College Arvikavej ,779402,  Arvikavej 2B,  7800 Skive,  tlf: 9914 1414,  e-mail: skivecollege@skivecollege.dk
Skive College Kongsvingervej ,779401,  Kongsvingervej 1,  7800 Skive,  tlf: 9914 9200,  e-mail: skivecollege@skivecollege.dk
Slotshaven Gymnasium ,315402,  Slotshaven 1,  4300 Holbæk,  tlf: 7229 0100,  e-mail: eucnvs@eucnvs.dk
Social- og Sundhedsskolen Esbjerg ,561415,  Gjesinglund Allé 8,  6715 Esbjerg N,  tlf: 7610 6010,  e-mail: post@sosuesbjerg.dk
Social- og Sundhedsskolen Fredericia-Vejle-Horsens Fredericia afd. ,607406,  6. Julivej 67,  7000 Fredericia,  tlf: 7921 1200,  e-mail: sos@sosufvh.dk
Social- og Sundhedsskolen Fredericia-Vejle-Horsens Horsens afd. ,615406,  Konsul Jensens Gade 26,  8700 Horsens,  tlf: 7921 1200,  e-mail: sos@sosufvh.dk
Social- og Sundhedsskolen Fredericia-Vejle-Horsens Kolding afdeling ,280732,  c/o IBC Kolding Tvedvej 7,  6000 Kolding,  tlf: 7921 1200,  e-mail: sos@sosufvh.dk
Social- og Sundhedsskolen Fredericia-Vejle-Horsens Vejle afd. ,280149,  Vestre Engvej 46A,  7100 Vejle,  tlf: 7921 1200,  e-mail: sos@sosufvh.dk
Social- og Sundhedsskolen Fyn ,461449,  Blangstedgårdsvej 4,  5220 Odense SØ,  tlf: 6310 2700,  e-mail: sosufyn@sosufyn.dk
Social- og Sundhedsskolen Fyn Middelfart ,445402,  Teglgårdsparken 104,  5500 Middelfart,  tlf: 6310 2700,  e-mail: middelfart@sosufyn.dk
Social- og Sundhedsskolen Fyn Odense - Blangstedgårdsvej ,281381,  Blangstedgårdsvej 4,  5220 Odense SØ,  tlf: 6310 2700,  e-mail: sosufyn@sosufyn.dk
Social- og Sundhedsskolen Fyn Odense Syd ,461425,  Blangstedgårdsvej 4,  5220 Odense SØ,  tlf: 6310 2700,  e-mail: odense@sosufyn.dk
Social- og Sundhedsskolen Fyn Svendborg ,479411,  A P Møllers Vej 39,  5700 Svendborg,  tlf: 6310 2700,  e-mail: svendborg@sosufyn.dk
Social- og Sundhedsskolen Midt- og Vestjylland ,657412,  Gullestrupvej 10,  7400 Herning,  tlf: 9627 2929,  e-mail: info@sosumv.dk
Social- og Sundhedsskolen Midt- og Vestjylland Herning afd. ,281569,  Gullestrupvej 10,  7400 Herning,  tlf: 9627 2929,  e-mail: info@sosumv.dk
Social- og Sundhedsskolen Midt- og Vestjylland Holstebro afd. ,280635,  Døesvej 70-76,  7500 Holstebro,  tlf: 3016 9010,  e-mail: info@sosumv.dk
Social- og Sundhedsskolen Skive-Thisted-Viborg ,787409,  Arvikavej 7,  7800 Skive,  tlf: 8912 4400,  e-mail: skive@sosu-stv.dk
Social- og Sundhedsskolen Skive-Thisted-Viborg afd. Skive ,779406,  Arvikavej 7,  7800 Skive,  tlf: 8912 4400,  e-mail: skive@sosu-stv.dk
Social- og Sundhedsskolen Skive-Thisted-Viborg afd. Thisted ,787404,  Lerpyttervej 56,  7700 Thisted,  tlf: 8912 4450,  e-mail: thisted@sosu-stv.dk
Social- og Sundhedsskolen Syd ,545406,  Bjerggade 4 M,  6200 Aabenraa,  tlf: 7333 4300,  e-mail: sosu@sosu-syd.dk
Social- og Sundhedsskolen Syd Campus Tønder ,280741,  Martin Hammerichsvej 3,  6270 Tønder,  tlf: 7333 4300,  e-mail: sosu@sosu-syd.dk
Social- og Sundhedsskolen Syd Haderslev ,281085,  Christen Kolds Vej 20,  6100 Haderslev,  tlf: 7333 4300,  e-mail: sosu@sosu-syd.dk
Social- og Sundhedsskolen Syd Sønderborg ,280740,  Hilmar Finsens Gade 14,  6400 Sønderborg,  tlf: 7333 4300,  e-mail: sosu@sosu-syd.dk
Social- og Sundhedsskolen Syd Aabenraa ,281517,  Bjerggade 4M,  6200 Aabenraa,  tlf: 7333 4300,  e-mail: sosu@sosu-syd.dk
Social- og Sundhedsskolen Skive-Thisted-Viborg afd. Viborg ,280377,  Reberbanen 11,  8800 Viborg,  tlf: 8912 4400,  e-mail: Viborg@sosu-stv.dk
Social-og Sundhedsskolen Fredericia-Vejle-Horsens ,607410,  6. Julivej 67,  7000 Fredericia,  tlf: 7921 1200,  e-mail: sos@sosufvh.dk
SOSU H ,281074,  Skelbækgade 1,  1717 København V,  tlf: 7226 6000,  e-mail: sosuh@sosuh.dk
SOSU H Brøndby ,281417,  Brøndby Møllevej 4,  2605 Brøndby,  tlf: 7226 6000,  e-mail: sosuh@sosuh.dk
SOSU H Frederikssund ,280885,  Heimdalsvej 1,  3600 Frederikssund,  tlf: 7226 6000,  e-mail: sosuh@sosuh.dk
SOSU H Gladsaxe ,281418,  Buddinge Hovedgade 81,  2860 Søborg,  tlf: 7226 6000,  e-mail: sosuh@sosuh.dk
SOSU H Helsingør ,280886,  Rasmus Knudsens Vej 9,  3000 Helsingør,  tlf: 7226 6000,  e-mail: sosuh@sosuh.dk
SOSU H Herlev ,281419,  Hørkær 22,  2730 Herlev,  tlf: 7226 6000,  e-mail: sosuh@sosuh.dk
SOSU H Hillerød ,219409,  Milnersvej 40,  3400 Hillerød,  tlf: 7226 6000,  e-mail: sosuh@sosuh.dk
SOSU H Hillerød (MUE) ,280739,  Munkeengen 22-26,  3400 Hillerød,  tlf: 7226 6000,  e-mail: sosuh@sosuh.dk
SOSU H København ,101449,  Skelbækgade 1,  1717 København V,  tlf: 7226 6000,  e-mail: sosuh@sosuh.dk
SOSU Nord ,851452,  På Sporet 8A,  9000 Aalborg,  tlf: 7221 8100,  e-mail: SOSUnord@SOSUnord.dk
SOSU Nord Frederikshavn ,281639,  Kirkegade 9,  9900 Frederikshavn,  tlf: 7221 8100,  e-mail: SOSUnord@SOSUnord.dk
SOSU Nord Jammerbugt ,281642,  Skolevej 5,  9460 Brovst,  tlf: 7221 8100,  e-mail: SOSUnord@SOSUnord.dk
SOSU Nord Mariagerfjord ,281641,  Kirketoften 7,  9500 Hobro,  tlf: 7221 8100,  e-mail: SOSUnord@SOSUnord.dk
SOSU Nord Vendsyssel ,821411,  Hedevold 11,  9800 Hjørring,  tlf: 7221 8100,  e-mail: SOSUnord@SOSUnord.dk
SOSU Nord Vest Himmerland ,281640,  Østre Boulevard 10,  9600 Aars,  tlf: 7221 8100,  e-mail: SOSUnord@SOSUnord.dk
SOSU Nord På Sporet ,280529,  På Sporet 8A,  9000 Aalborg,  tlf: 7221 8100,  e-mail: sosunord@sosunord.dk
SOSU Nykøbing F. ,369409,  Vestensborg Allé 78,  4800 Nykøbing F,  tlf: 5485 3800,  e-mail: sosunyk@sosunyk.dk
SOSU Østjylland ,280879,  Hedeager 33,  8200 Aarhus N,  tlf: 8741 2626,  e-mail: sosu@sosuoj.dk
SOSU Østjylland Silkeborg afd. ,743407,  Høgevej 4,  8600 Silkeborg,  tlf: 8680 4755,  e-mail: sosu@sosuoj.dk
SOSU Østjylland Skanderborg afd. ,280329,  Grønlandsvej 5,  8660 Skanderborg,  tlf: 8680 4755,  e-mail: sosu@sosuoj.dk
SOSU Østjylland Aarhus ,751443,  Hedeager 33,  8200 Aarhus N,  tlf: 8741 2626,  e-mail: sosu@sosuoj.dk
Struer Statsgymnasium - erhvervsskolen ,671401,  Jyllandsgade 2,  7600 Struer,  tlf: 9785 4300,  e-mail: struer-statsgym@stgym.dk
Svendborg Erhvervsskole & - Gymnasier ,479413,  Skovsbovej 43A,  5700 Svendborg,  tlf: 7222 5700,  e-mail: mail@sesg.dk
Svendborg Erhvervsskole & - Gymnasier Porthusvej ,479401,  Porthusvej 71A,  5700 Svendborg,  tlf: 7222 5700,  e-mail: mail@sesg.dk
Svendborg Erhvervsskole & - Gymnasier Ryttervej ,479415,  Ryttervej 65,  5700 Svendborg,  tlf: 7222 5700,  e-mail: mail@sesg.dk
Svendborg Erhvervsskole & Gymnasier ,281667,  Sundagervej 42,  5600 Faaborg,  tlf: 7222 5700,  e-mail: mail@sesg.dk
Svendborg Erhvervsskole & -Gymnasier Skovsbovej ,479402,  Skovsbovej 43A,  5700 Svendborg,  tlf: 7222 5700,  e-mail: mail@sesg.dk
Syddansk Erhvervsskole Odense-Vejle ,461452,  Munkebjergvej 130,  5230 Odense M,  tlf: 7010 9900,  e-mail: sde@sde.dk
Syddansk Erhvervsskole Odense-Vejle Blangstedgårdsvej ,461447,  Blangstedgårdsvej 1B,  5220 Odense SØ,  tlf: 7010 9900,  e-mail: sde@sde.dk
Syddansk Erhvervsskole Odense-Vejle Boulevarden 36 ,631413,  Boulevarden 36,  7100 Vejle,  tlf: 7010 9900,  e-mail: sde@sde.dk
Syddansk Erhvervsskole Odense-Vejle Munkebjergvej 130 ,461446,  Munkebjergvej 130,  5230 Odense M,  tlf: 7010 9900,  e-mail: sde@sde.dk
Syddansk Erhvervsskole Odense-Vejle Petersmindevej 1 A ,461457,  Petersmindevej 1 A,  5000 Odense C,  tlf: 7010 9900,  e-mail: sde@sde.dk
Syddansk Erhvervsskole Odense-Vejle Petersmindevej 1 F ,461444,  Petersmindevej 1F,  5000 Odense C,  tlf: 7010 9900,  e-mail: sde@sde.dk
Syddansk Erhvervsskole Odense-Vejle Risingvej ,461443,  Risingsvej 60,  5000 Odense C,  tlf: 7010 9900,  e-mail: sde@sde.dk
Syddansk Erhvervsskole Odense-Vejle Tinghusgade ,565402,  Tinghusgade 12,  7200 Grindsted,  tlf: 7010 9900,  e-mail: sde@sde.dk
TEC Lyngby Lundtoftevej ,280869,  Lundtoftevej 53A,  2800 Kgs. Lyngby,  tlf: 3817 7000,  e-mail: tec@tec.dk
TEC Ballerup ,151405,  Telegrafvej 9,  2750 Ballerup,  tlf: 3817 7000,  e-mail: tec@tec.dk
TEC Frederiksberg ,147428,  Stæhr Johansens Vej 7,  2000 Frederiksberg,  tlf: 3817 7000,  e-mail: tec@tec.dk
TEC Gladsaxe ,159401,  Tobaksvejen 15,  2860 Søborg,  tlf: 3817 7000,  e-mail: tec@tec.dk
TEC Hvidovre ,167402,  Stamholmen 201,  2650 Hvidovre,  tlf: 3817 7000,  e-mail: tec@tec.dk
TEC Technical Education Copenhagen ,147401,  Stæhr Johansens Vej 7,  2000 Frederiksberg,  tlf: 3817 7000,  e-mail: tec@tec.dk
TECHCOLLEGE ,851401,  Øster Uttrup Vej 1,  9000 Aalborg,  tlf: 7250 1000,  e-mail: mail@techcollege.dk
TECHCOLLEGE Technology ,851467,  Øster Uttrup Vej 1,  9000 Aalborg,  tlf: 7250 7000,  e-mail: mail@techcollege.dk
TECHCOLLEGE Agri ,851459,  Struervej 70,  9220 Aalborg Øst,  tlf: 7250 1000,  e-mail: mail@techcollege.dk
TECHCOLLEGE Auto ,851460,  Teglværket 2,  9400 Nørresundby,  tlf: 7250 1000,  e-mail: mail@techcollege.dk
TECHCOLLEGE Construction ,851461,  Øster Uttrup Vej 1,  9000 Aalborg,  tlf: 7250 1000,  e-mail: mail@techcollege.dk
TECHCOLLEGE Dental ,851462,  Rørdalsvej 10,  9000 Aalborg,  tlf: 7250 1000,  e-mail: mail@techcollege.dk
TECHCOLLEGE Food ,851463,  Rørdalsvej 10,  9000 Aalborg,  tlf: 7250 1000,  e-mail: mail@techcollege.dk
TECHCOLLEGE Media ,851464,  Øster Uttrupvej 1,  9000 Aalborg,  tlf: 7250 1000,  e-mail: mail@techcollege.dk
TECHCOLLEGE Metal ,851465,  Sigrid Undsets Vej 3,  9220 Aalborg Øst,  tlf: 7250 1000,  e-mail: mail@techcollege.dk
TECHCOLLEGE Style & Wellness ,851466,  Rørdalsvej 10,  9000 Aalborg,  tlf: 7250 1000,  e-mail: mail@techcollege.dk
TEKNISK GYMNASIUM Skanderborg ,280312,  Højvangens Torv 2,  8660 Skanderborg,  tlf: 8937 3533,  e-mail: mail@aarhustech.dk
TietgenSkolen ,461415,  Elmelundsvej 10,  5200 Odense V,  tlf: 6545 2500,  e-mail: ts@tietgen.dk
TietgenSkolen (ELM) ,461402,  Elmelundsvej 10,  5200 Odense V,  tlf: 6545 2200,  e-mail: hhx@tietgen.dk
TietgenSkolen (LER) ,461431,  Lerchesgade 29,  5000 Odense C,  tlf: 6545 2600,  e-mail: business@tietgen.dk
TietgenSkolen (TKC Rugårdsvej) ,461303,  Rugårdsvej 286,  5210 Odense NV,  tlf: 6645 2001,  e-mail: ts@tietgen.dk
TietgenSkolen (TKC) ,461436,  Ejlskovsgade 3,  5000 Odense C,  tlf: 6545 2500,  e-mail: tkc@tietgen.dk
Tradium Retail & Management ,731407,  Vester Alle 26,  8900 Randers C,  tlf: 7011 1010,  e-mail: info@tradium.dk
Tradium Erhvervsskole og -gymnasier Randers ,280051,  Vester Alle 26,  8900 Randers C,  tlf: 7011 1010,  e-mail: info@tradium.dk
Tradium EUD/EUX Business ,731413,  Minervavej 57,  8960 Randers SØ,  tlf: 7011 1010,  e-mail: info@tradium.dk
Tradium Handelsgymnasiet 3-årig HHX ,731406,  Rådmands Boulevard 19,  8900 Randers C,  tlf: 7011 1010,  e-mail: info@tradium.dk
Tradium Ring Djursland ,721401,  Amu Centervej 2,  8560 Kolind,  tlf: 7011 1010,  e-mail: info@tradium.dk
Tradium Teknisk Gymnasium HTX ,280624,  Vester Alle 26,  8900 Randers C,  tlf: 7011 1010,  e-mail: info@tradium.dk
Tradium Tekniske erhvervsuddannelser BL ,280090,  Blommevej 40,  8930 Randers NØ,  tlf: 7011 1010,  e-mail: info@tradium.dk
Tradium Tekniske erhvervsuddannelser VA ,731401,  Vester Alle 26,  8900 Randers C,  tlf: 7011 1010,  e-mail: info@tradium.dk
Træningsskolens Arbejdsmarkedsuddannelser ,101573,  Kalvebodvej 231,  2791 Dragør,  tlf: 3525 0340,  e-mail: tamu.info@tamu.dk
Tønder Handelsskole ,541402,  Martin Hammerichsvej 3,  6270 Tønder,  tlf: 7373 4080,  e-mail: toha@toha.dk
U/NORD ,173410,  Lundtoftevej 93,  2800 Kgs. Lyngby,  tlf: 8852 6300,  e-mail: info@unord.dk
U/NORD ,281219,  Lundtoftevej 93,  2800 Kgs. Lyngby,  tlf: 4829 0000,  e-mail: info@knord.dk
U/NORD Frederikssund Handelsgymnasium ,209401,  Heimdalsvej 1 B,  3600 Frederikssund,  tlf: 4829 0000,  e-mail: info@unord.dk
U/NORD Frederikssund Handelsskole ,280503,  Heimdalsvej 1,  3600 Frederikssund,  tlf: 4829 0000,  e-mail: info@unord.dk
U/NORD Frederikssund Tekniske Gymnasium ,281645,  Odinsvej 6,  3600 Frederikssund,  tlf: 4829 0000,  e-mail: info@unord.dk
U/NORD Frederikssund Tekniske Skole ,280864,  Heimdalsvej 1,  3600 Frederikssund,  tlf: 4829 0000,  e-mail: info@unord.dk
U/NORD Helsingør Rasmus Knudsens Vej ,217407,  Rasmus Knudsens Vej 9,  3000 Helsingør,  tlf: 4829 0000,  e-mail: info@unord.dk
U/NORD Hillerød Handelsgymnasium ,219412,  Trollesminde Allé 24,  3400 Hillerød,  tlf: 8852 6500,  e-mail: info@unord.dk
U/NORD Hillerød Handelsskole ,219402,  Trollesminde Allé 24,  3400 Hillerød,  tlf: 8852 6500,  e-mail: info@unord.dk
U/NORD Hillerød Teknisk Gymnasium ,219413,  Carlsbergvej 34,  3400 Hillerød,  tlf: 4829 0000,  e-mail: info@unord.dk
U/NORD Hillerød Milnersvej ,281351,  Milnersvej 48,  3400 Hillerød,  tlf: 4829 0000,  e-mail: info@unord.dk
U/NORD Hillerød Peder Oxes Alle ,219408,  Peder Oxes Allé 4,  3400 Hillerød,  tlf: 4829 0000,  e-mail: info@unord.dk
U/NORD Lyngby Handelsgymnasium ,280480,  Hjortehøjsvej 1,  2800 Kgs. Lyngby,  tlf: 4829 0000,  e-mail: info@unord.dk
U/NORD Lyngby Handelsskole ,173402,  Lundtoftevej 93,  2800 Kgs. Lyngby,  tlf: 4829 0000,  e-mail: info@unord.dk
UCRS ,760401,  Skolebyen 5,  6900 Skjern,  tlf: 9680 1500,  e-mail: uc@ucrs.dk
UCRS EUD & EUX Business ,669402,  Ånumvej 14,  6900 Skjern,  tlf: 9735 1233,  e-mail: uc@ucrs.dk
UCRS Gymnasiet HHX Ringkøbing ,667401,  Vasevej 20,  6950 Ringkøbing,  tlf: 9732 0200,  e-mail: uc@ucrs.dk
UCRS Gymnasiet HHX Skjern ,281670,  Skolebyen 5,  6900 Skjern,  tlf: 9680 1500,  e-mail: uc@ucrs.dk
UCRS Gymnasiet HTX Skjern ,281445,  Skolebyen 5,  6900 Skjern,  tlf: 9680 1500,  e-mail: uc@ucrs.dk
UCRS Skjern Tekniske Skole ,669401,  Skolebyen 5,  6900 Skjern,  tlf: 9680 1500,  e-mail: uc@ucrs.dk
Uddannelsescenter Holstebro ,280052,  Døesvej 70,  7500 Holstebro,  tlf: 9912 2222,  e-mail: info@ucholstebro.dk
Uddannelsescenter Holstebro HHX og EUD/EUX Business ,661402,  Døesvej 76,  7500 Holstebro,  tlf: 9912 2222,  e-mail: info@ucholstebro.dk
Uddannelsescenter Holstebro HTX og EUD/EUX Teknisk ,661414,  Døesvej 70,  7500 Holstebro,  tlf: 9912 2222,  e-mail: info@ucholstebro.dk
Varde Handelsskole og Handelsgymnasium ,573401,  Frisvadvej 70,  6800 Varde,  tlf: 7522 2322,  e-mail: vardehs@vardehs.dk
Vejen Business College ,575402,  Jyllandsgade 11,  6600 Vejen,  tlf: 7536 1311,  e-mail: vejenbc@vejenbc.dk
Vejle Tekniske Gymnasium ,461458,  Jernbanegade 28,  7100 Vejle,  tlf: 7010 9900,  e-mail: sde@sde.dk
Viden Djurs ,707403,  N P Josiassens Vej 44E,  8500 Grenaa,  tlf: 8758 0400,  e-mail: info@videndjurs.dk
Viden Djurs VID Gymnasier Grenaa ,707407,  N P Josiassens Vej 44E,  8500 Grenaa,  tlf: 8758 0400,  e-mail: info@videndjurs.dk
Viden Djurs Handelsgymnasium Rønde ,280302,  Skrejrupvej 9B,  8410 Rønde,  tlf: 8758 0400,  e-mail: info@videndjurs.dk
Viden Djurs Medie ,281535,  Ydesvej 4,  8500 Grenaa,  tlf: 8758 0400,  e-mail: info@videndjurs.dk
Viden Djurs VID Detail ,281534,  Karen Blixens Vej 1A,  8500 Grenaa,  tlf: 8758 0400,  e-mail: info@videndjurs.dk
Viden Djurs VID Erhvervsuddannelser Grenaa ,707402,  Århusvej 49,  8500 Grenaa,  tlf: 8758 0400,  e-mail: info@videndjurs.dk
Viden Djurs VID Erhvervsuddannelser Kalø ,739303,  Skovridervej 3,  8410 Rønde,  tlf: 8758 0400,  e-mail: info@videndjurs.dk
Viden Djurs VID Skillz ,281536,  Ågade 2A,  8500 Grenaa,  tlf: 8758 0400,  e-mail: info@videndjurs.dk
ZBC Faxe ,281671,  Præstøvej 5,  4640 Faxe,  tlf: 5578 8888,  e-mail: zbc@zbc.dk
ZBC Handels og Teknisk gymnasium Ringsted ,280729,  Ahorn Alle 3-5,  4100 Ringsted,  tlf: 5578 8888,  e-mail: zbc@zbc.dk
ZBC Handels- og Teknisk gymnasium Slagelse ,281057,  Willemoesvej 4,  4200 Slagelse,  tlf: 5578 8888,  e-mail: zbc@zbc.dk
ZBC Handels og Teknisk gymnasium Vordingborg ,280728,  Chr Richardtsvej 43,  4760 Vordingborg,  tlf: 5578 8888,  e-mail: zbc@zbc.dk
ZBC Handelsgymnasiet Næstved ,280730,  Handelsskolevej 3,  4700 Næstved,  tlf: 5578 8888,  e-mail: zbc@zbc.dk
ZBC Haslev ,281056,  Søndergade 12,  4690 Haslev,  tlf: 5578 8888,  e-mail: zbc@zbc.dk
ZBC Holbæk (SOSU) ,315413,  Slotshaven 3,  4300 Holbæk,  tlf: 5578 8888,  e-mail: zbc@zbc.dk
ZBC Kalundborg (SOSU) ,281546,  J Hagemann-Petersens Alle 22,  4400 Kalundborg,  tlf: 5578 8888,  e-mail: zbc@zbc.dk
ZBC Køge ,281055,  Campusbuen 40,  4600 Køge,  tlf: 5578 8888,  e-mail: zbc@zbc.dk
ZBC Køge (SOSU) ,253401,  Campusbuen 40,  4600 Køge,  tlf: 5578 8888,  e-mail: zbc@zbc.dk
ZBC Næstved ,373409,  Handelsskolevej 3,  4700 Næstved,  tlf: 5578 8888,  e-mail: zbc@zbc.dk
ZBC Næstved (SOSU) ,373403,  Handelsskolevej 3,  4700 Næstved,  tlf: 5578 8888,  e-mail: zbc@zbc.dk
ZBC Ringsted ,329406,  Ahorn Alle 3,  4100 Ringsted,  tlf: 5578 8888,  e-mail: zbc@zbc.dk
ZBC Ringsted (SOSU) ,329405,  Selandia Park 8,  4100 Ringsted,  tlf: 5578 8888,  e-mail: zbc@zbc.dk
ZBC Roskilde (Slagteriskolen) ,265402,  Maglegårdsvej 8,  4000 Roskilde,  tlf: 5578 8888,  e-mail: zbc@zbc.dk
ZBC Roskilde (SOSU) ,280569,  Maglegårdsvej 8,  4000 Roskilde,  tlf: 5578 8888,  e-mail: zbc@zbc.dk
ZBC Slagelse - Kokke- & Tjenerskolen ,281547,  Valbyvej 69C,  4200 Slagelse,  tlf: 5578 8888,  e-mail: zbc@zbc.dk
ZBC Slagelse (Selandia) ,333409,  Bredahlsgade 1,  4200 Slagelse,  tlf: 5578 8888,  e-mail: zbc@zbc.dk
ZBC Slagelse (SOSU) ,303401,  Bredahlsgade 3,  4200 Slagelse,  tlf: 5578 8888,  e-mail: zbc@zbc.dk
ZBC Slagelse Auto-  Transport- & Logistikskolen ,281548,  Dalsvinget 18-20,  4200 Slagelse,  tlf: 5578 8888,  e-mail: zbc@zbc.dk
ZBC Slagelse Business ,281549,  Bredahlsgade 3,  4200 Slagelse,  tlf: 5578 8888,  e-mail: zbc@zbc.dk
ZBC Slagelse El- og Dataskolen ,281550,  Willemoesvej 4,  4200 Slagelse,  tlf: 5578 8888,  e-mail: zbc@zbc.dk
ZBC Slagelse Landbrugs- & Gartnerskolen Jernbjerggaard ,281551,  C.A.Olesensvej 2,  4200 Slagelse,  tlf: 5578 8888,  e-mail: zbc@zbc.dk
ZBC Vordingborg ,397401,  Chr. Richardtsvej 43,  4760 Vordingborg,  tlf: 5578 8888,  e-mail: zbc@zbc.dk
Zealand Business College ,280941,  Selandia Park 6,  4100 Ringsted,  tlf: 5578 8888,  e-mail: zbc@zbc.dk
Aalborg Handelsskole Hovedafdeling ,851402,  Strandvejen 25,  9000 Aalborg,  tlf: 9936 4600,  e-mail: ah@ah.dk
Aalborg Handelsskole Langagervej 16 ,851442,  Langagervej 16,  9220 Aalborg Øst,  tlf: 9936 4750,  e-mail: ah@ah.dk
Aalborg Handelsskole Saxogade 10 ,851443,  Saxogade 10,  9000 Aalborg,  tlf: 9936 4830,  e-mail: ah@ah.dk
Aalborg Handelsskole Strandvejen 25 ,851445,  Strandvejen 25,  9000 Aalborg,  tlf: 9936 4630,  e-mail: ah@ah.dk
Aalborg Handelsskole Turøgade 1 ,851441,  Turøgade 1,  9000 Aalborg,  tlf: 9936 4520,  e-mail: ah@ah.dk
Aalborg Tekniske Gymnasium - Friis ,280867,  Nyhavnsgade 14,  9000 Aalborg,  tlf: 7250 1000,  e-mail: mail@techcollege.dk
Aalborg Tekniske Gymnasium ØUV ,851437,  Øster Uttrup Vej 5,  9000 Aalborg,  tlf: 7250 5800,  e-mail: aatg@aatg.dk
Aarhus Business College ,281399,  Sønderhøj 9,  8260 Viby J,  tlf: 8936 3636,  e-mail: aabc@aabc.dk
Aarhus Business College EUX og EUD Sønderhøj ,751437,  Sønderhøj 28,  8260 Viby J,  tlf: 8936 3700,  e-mail: erhvervsudd@aabc.dk
Aarhus Business College Handelsfagskolen ,727401,  Rådhusgade 56-58,  8300 Odder,  tlf: 8654 1700,  e-mail: aabc@aabc.dk
Aarhus Business College Aarhus Handelsgymnasium Vejlby ,751439,  Vejlby Centervej 50,  8240 Risskov,  tlf: 8936 3800,  e-mail: admve@aabc.dk
Aarhus Business College Aarhus Handelsgymnasium Viemosevej ,751441,  Viemosevej 1,  8260 Viby J,  tlf: 8936 3450,  e-mail: admvi@aabc.dk
AARHUS GYMNASIUM Viby ,751478,  Hasselager Allé 10,  8260 Viby J,  tlf: 8937 3533,  e-mail: mail@aarhustech.dk
AARHUS GYMNASIUM Aarhus C ,751479,  Dollerupvej 2,  8000 Aarhus C,  tlf: 8937 3533,  e-mail: mail@aarhustech.dk
AARHUS TECH ,751401,  Halmstadgade 6,  8200 Aarhus N,  tlf: 8937 3533,  e-mail: mail@aarhustech.dk
AARHUS TECH ,281075,  Halmstadgade 6,  8200 Aarhus N,  tlf: 8937 3533,  e-mail: mail@aarhustech.dk
AMU JUUL ,265414,  Abildgårdsvej 14,  4000 Roskilde,  tlf: 4632 1022,  e-mail: info@amujuul.dk
Dansk Brand og sikringsteknisk Institut (NUSA) ,167403,  Jernholmen 12,  2650 Hvidovre,  tlf: 3634 9000,  e-mail: dbi@brandogsikring.dk
Dansk Brand og sikringsteknisk Institut Fredericia ,281334,  Strevelinsvej 4,  7000 Fredericia,  tlf: 3634 9000,  e-mail: dbi@brandogsikring.dk
Dansk Brand- og sikringsteknisk Institut Frederikshavn ,280286,  Baldersvej 9,  9900 Frederikshavn,  tlf: 3634 9000,  e-mail: dbi@brandogsikring.dk
Dansk Brand og sikringsteknisk Institut Hvidovre ,280285,  Jernholmen 12,  2650 Hvidovre,  tlf: 3634 9000,  e-mail: dbi@brandogsikring.dk
Dansk Brand og sikringsteknisk Institut Aarhus ,281335,  Runetoften 16,  8210 Aarhus V,  tlf: 3634 9000,  e-mail: dbi@brandogsikring.dk
DEKRA A/S ,153407,  Kirkebjerg Allé 90,  2605 Brøndby,  tlf: 4342 5425,  e-mail: hovedstaden@dekra.dk
DEKRA Fyn ApS ,461440,  Hans Egedes Vej 4,  5210 Odense NV,  tlf: 7025 0300,  e-mail: fyn@dekra.dk
DEKRA Midtjylland ApS ,669403,  Arnborgvej 1B,  6900 Skjern,  tlf: 8877 9311,  e-mail: midtjylland@dekra.dk
DEKRA Nordjylland A/S ,847402,  Kjeldgaardsvej 4,  9300 Sæby,  tlf: 9846 7888,  e-mail: nordjylland@dekra.dk
DEKRA Sjælland A/S ,371401,  Bassinbuen 2,  4700 Næstved,  tlf: 6070 8000,  e-mail: sjaelland@dekra.dk
DEKRA Sydjylland A/S ,575404,  Arnfredsvej 8,  6600 Vejen,  tlf: 7555 7766,  e-mail: sydjylland@dekra.dk
Diakonhøjskolen Social- og Sundhedsudd. ,751444,  Lyseng Allé 15,  8270 Højbjerg,  tlf: 8627 4122,  e-mail: info@diakonissen.dk
Diakonissestiftelsen ,147415,  Peter Bangs Vej 7A,  2000 Frederiksberg,  tlf: 3838 4100,  e-mail: SOSU@diakonissen.dk
Edutasia ApS - Nyledige ,281350,  Gammel Gugvej 17A,  9000 Aalborg,  tlf: 7010 8020,  e-mail: mv@edutasia.dk
Erhvervsgrunduddannelsen i Århus ,751476,  Værkmestergade 13A,  8000 Aarhus C,  tlf: 8940 5975,  e-mail: egu@msb.aarhus.dk
Forsikringsakademiet A/S ,223401,  Rungsted Strandvej 107,  2960 Rungsted Kyst,  tlf: 4516 5000,  e-mail: uddannelse@forsikringsakademiet.dk
Forsvarets Center for Digital Forvaltning og Uddannelse ,280281,  Ellebækvej 2,  3460 Birkerød,  tlf: 4567 4567,  e-mail: fko@mil.dk
Forsvarskommandoen ,181403,  Danneskiold-Samsøes Allé 1 Holmen,  1434 København K,  tlf: 4567 4567,  e-mail: fko@mil.dk
Havredal Praktiske Landbrugsskole ,280128,  Smedevej 4 Havredal,  7470 Karup J,  tlf: 8666 2230,  e-mail: detny@havredal.dk
International Training Academy ApS Beauty & Style ,281058,  Søndergade 45,  8000 Aarhus C,  tlf: 7022 0232,  e-mail: info@beautyandstyle.dk
Medieskolerne Viborg Mediecenter ,791411,  Skaldehøjvej 2,  8800 Viborg,  tlf: 8667 5055,  e-mail: mail@medieskolerne.dk
Midtjysk Erhvervskøreskole og Uddannelsescenter ApS ,281344,  Mysundevej 4,  8930 Randers NØ,  tlf: 5223 7979,  e-mail: kontor@m-e-k.dk
Pharmakon ,219406,  Milnersvej 42,  3400 Hillerød,  tlf: 4820 6000,  e-mail: info@pharmakon.dk
Scania Danmark A/S ,281352,  Industribuen 19,  2635 Ishøj,  tlf: 4454 2244,  e-mail: sdk.mail.sd.amu@scania.com
Sundhedsforvaltningen Uddannelses og udviklingsafdelingen ,265409,  Ny Østergade 12,  4000 Roskilde,  tlf: 4732 9150,  e-mail: ij@regionsjaelland.dk
Trafikskolen ApS ,281345,  Ravnevej 7,  6705 Esbjerg Ø,  tlf: 7513 6384,  e-mail: info@trafikskolen.dk
UCplus A/S ,151412,  Mileparken 12A,  2740 Skovlunde,  tlf: 4487 0100,  e-mail: mail@ucplus.dk
UCplus A/S Dansk - Hasselager ,280922,  Alstrup Allé 11,  8361 Hasselager,  tlf: 2060 1183,  e-mail: kp@ucplus.dk
Vildtforvaltningsskolen Kalø ,739401,  Molsvej 34,  8410 Rønde,  tlf: 8791 0600,  e-mail: kurser@jaegerne.dk
